AnimalID,wint.area,feed.area,Herd
z0011162,Blue,,
z0017317,Blue,,
z0042288,Blue,,
z0025439,Blue,,
z0009880,brydes,,
z0030424,brydes,,
z0032258,brydes,,
z0187906,CentAm,CA/OR/WA,CentAm
z0029829,CentAm,CA/OR/WA,CentAm
z0045332,CentAm,CA/OR/WA,CentAm
z0045342,CentAm,CA/OR/WA,CentAm
z0045370,CentAm,CA/OR/WA,CentAm
z0051185,CentAm,CA/OR/WA,CentAm
z0051380,CentAm,CA/OR/WA,CentAm
z0053757,CentAm,CA/OR/WA,CentAm
z0053842,CentAm,CA/OR/WA,CentAm
z0053849,CentAm,CA/OR/WA,CentAm
z0056380,CentAm,CA/OR/WA,CentAm
z0056382,CentAm,CA/OR/WA,CentAm
z0056387,CentAm,CA/OR/WA,CentAm
z0056393,CentAm,CA/OR/WA,CentAm
z0056394,CentAm,CA/OR/WA,CentAm
z0178348,CentAm,CA/OR/WA,CentAm
z0056375,CentAm,CA/OR/WA,CentAm
z0195726,CentAm,CA/OR/WA,CentAm
z0196804,CentAm,CA/OR/WA,CentAm
z0045401,CentAm,CA/OR/WA,CentAm
z0061973,CentAm,CA/OR/WA,CentAm
z0197662,CentAm,CA/OR/WA,CentAm
z0053845,CentAm,CA/OR/WA,CentAm
z0056392,CentAm,CA/OR/WA,CentAm
z0061980,CentAm,CA/OR/WA,CentAm
z0175937,CentAm,CA/OR/WA,CentAm
z0016578,CentAm,CA/OR/WA,CentAm
z0053758,CentAm,CA/OR/WA,CentAm
z0056389,CentAm,CA/OR/WA,CentAm
z0029846,CentAm,CA/OR/WA,CentAm
z0037624,CentAm,CA/OR/WA,CentAm
z0053760,CentAm,CA/OR/WA,CentAm
z0053759,CentAm,CA/OR/WA,CentAm
z0053846,CentAm,CA/OR/WA,CentAm
z0029863,CentAm,CA/OR/WA,CentAm
z0029864,CentAm,CA/OR/WA,CentAm
z0029867,CentAm,CA/OR/WA,CentAm
z0037611,CentAm,CA/OR/WA,CentAm
z0045333,CentAm,CA/OR/WA,CentAm
z0045337,CentAm,CA/OR/WA,CentAm
z0045350,CentAm,CA/OR/WA,CentAm
z0045792,CentAm,CA/OR/WA,CentAm
z0051324,CentAm,CA/OR/WA,CentAm
z0051326,CentAm,CA/OR/WA,CentAm
z0051328,CentAm,CA/OR/WA,CentAm
z0051893,CentAm,CA/OR/WA,CentAm
z0051922,CentAm,CA/OR/WA,CentAm
z0051929,CentAm,CA/OR/WA,CentAm
z0053754,CentAm,CA/OR/WA,CentAm
z0053756,CentAm,CA/OR/WA,CentAm
z0053843,CentAm,CA/OR/WA,CentAm
z0053844,CentAm,CA/OR/WA,CentAm
z0056374,CentAm,CA/OR/WA,CentAm
z0056378,CentAm,CA/OR/WA,CentAm
z0056384,CentAm,CA/OR/WA,CentAm
z0056386,CentAm,CA/OR/WA,CentAm
z0056391,CentAm,CA/OR/WA,CentAm
z0056395,CentAm,CA/OR/WA,CentAm
z0056396,CentAm,CA/OR/WA,CentAm
z0056397,CentAm,CA/OR/WA,CentAm
z0061976,CentAm,CA/OR/WA,CentAm
z0101084,CentAm,CA/OR/WA,CentAm
z0101085,CentAm,CA/OR/WA,CentAm
z0107101,CentAm,CA/OR/WA,CentAm
z0108489,CentAm,CA/OR/WA,CentAm
z0108513,CentAm,CA/OR/WA,CentAm
z0133302,CentAm,CA/OR/WA,CentAm
z0173485,CentAm,CA/OR/WA,CentAm
z0175912,CentAm,CA/OR/WA,CentAm
z0178294,CentAm,CA/OR/WA,CentAm
z0107052,CentAm,CA/OR/WA,CentAm
z0187857,CentAm,CA/OR/WA,CentAm
z0187860,CentAm,CA/OR/WA,CentAm
z0196730,CentAm,CA/OR/WA,CentAm
z0196733,CentAm,CA/OR/WA,CentAm
z0196746,CentAm,CA/OR/WA,CentAm
z0196783,CentAm,CA/OR/WA,CentAm
z0196794,CentAm,CA/OR/WA,CentAm
z0196810,CentAm,CA/OR/WA,CentAm
z0196838,CentAm,CA/OR/WA,CentAm
z0197665,CentAm,CA/OR/WA,CentAm
z0045331,CentAm,CA/OR/WA,CentAm
z0051891,CentAm,CA/OR/WA,CentAm
z0051947,CentAm,CA/OR/WA,CentAm
z0053847,CentAm,CA/OR/WA,CentAm
z0056377,CentAm,CA/OR/WA,CentAm
z0175916,CentAm,CA/OR/WA,CentAm
z0196758,CentAm,CA/OR/WA,CentAm
z0196811,CentAm,CA/OR/WA,CentAm
z0011944,CentAm,CA/OR/WA,CentAm
z0066805,CentAm,CA/OR/WA,CentAm
z0018264,CentAm,CA/OR/WA,CentAm
z0066792,CentAm,CA/OR/WA,CentAm
z0067213,Fin,NA,Fin
z0030475,Fin,NA,Fin
z0062886,Fin,NA,Fin
z0145401,Fin,NA,Fin
z0012201,Gray,NA,Gray
z0100814,Gray,NA,Gray
z0160234,Gray,NA,Gray
z0040363,HI,,
z0040334,HI,,
z0040345,HI,,
z0040413,HI,,
z0040957,HI,,
z0040337,HI,,
z0040985,HI,,
z0041243,HI,AI.Ber,HI-AI.Ber
z0043747,HI,AI.Ber,HI-AI.Ber
z0040961,HI,AI.Ber,HI-AI.Ber
z0043819,HI,AI.Ber,HI-AI.Ber
z0043915,HI,AI.Ber,HI-AI.Ber
z0041250,HI,AI.Ber,HI-AI.Ber
z0043789,HI,AI.Ber,HI-AI.Ber
z0047854,HI,AI.Ber,HI-AI.Ber
z0043876,HI,AI.Ber,HI-AI.Ber
z0041051,HI,AI.Ber,HI-AI.Ber
z0043243,HI,AI.Ber,HI-AI.Ber
z0043807,HI,AI.Ber,HI-AI.Ber
z0043877,HI,AI.Ber,HI-AI.Ber
z0040275,HI,GOA,HI-GOA
z0040287,HI,GOA,HI-GOA
z0041233,HI,GOA,HI-GOA
z0043267,HI,GOA,HI-GOA
z0043278,HI,GOA,HI-GOA
z0043566,HI,GOA,HI-GOA
z0043572,HI,GOA,HI-GOA
z0043649,HI,GOA,HI-GOA
z0043668,HI,GOA,HI-GOA
z0043684,HI,GOA,HI-GOA
z0043693,HI,GOA,HI-GOA
z0043704,HI,GOA,HI-GOA
z0043954,HI,GOA,HI-GOA
z0044432,HI,GOA,HI-GOA
z0047601,HI,GOA,HI-GOA
z0041248,HI,GOA,HI-GOA
z0043599,HI,GOA,HI-GOA
z0043631,HI,GOA,HI-GOA
z0043898,HI,GOA,HI-GOA
z0043905,HI,GOA,HI-GOA
z0043934,HI,GOA,HI-GOA
z0043940,HI,GOA,HI-GOA
z0043966,HI,GOA,HI-GOA
z0043980,HI,GOA,HI-GOA
z0047562,HI,GOA,HI-GOA
z0043652,HI,GOA,HI-GOA
z0043642,HI,GOA,HI-GOA
z0043686,HI,GOA,HI-GOA
z0047613,HI,GOA,HI-GOA
z0047602,HI,GOA,HI-GOA
z0051840,HI,Rus,HI-Rus
z0051844,HI,Rus,HI-Rus
z0043765,HI,Rus,HI-Rus
z0051816,HI,Rus,HI-Rus
z0040333,HI,SEAK/NBC,HI-SEAK/NBC
z0053024,HI,SEAK/NBC,HI-SEAK/NBC
z0053025,HI,SEAK/NBC,HI-SEAK/NBC
z0053032,HI,SEAK/NBC,HI-SEAK/NBC
z0053083,HI,SEAK/NBC,HI-SEAK/NBC
z0053096,HI,SEAK/NBC,HI-SEAK/NBC
z0053101,HI,SEAK/NBC,HI-SEAK/NBC
z0053131,HI,SEAK/NBC,HI-SEAK/NBC
z0053133,HI,SEAK/NBC,HI-SEAK/NBC
z0053138,HI,SEAK/NBC,HI-SEAK/NBC
z0053142,HI,SEAK/NBC,HI-SEAK/NBC
z0053020,HI,SEAK/NBC,HI-SEAK/NBC
z0053100,HI,SEAK/NBC,HI-SEAK/NBC
z0053102,HI,SEAK/NBC,HI-SEAK/NBC
z0053149,HI,SEAK/NBC,HI-SEAK/NBC
z0053031,HI,SEAK/NBC,HI-SEAK/NBC
z0053040,HI,SEAK/NBC,HI-SEAK/NBC
z0053071,HI,SEAK/NBC,HI-SEAK/NBC
z0146081,HI,SEAK/NBC,HI-SEAK/NBC
z0207765,HI,SEAK/NBC,HI-SEAK/NBC
z0043468,HI,SEAK/NBC,HI-SEAK/NBC
z0040298,HI,SEAK/NBC,HI-SEAK/NBC
z0040364,HI,SEAK/NBC,HI-SEAK/NBC
z0040377,HI,SEAK/NBC,HI-SEAK/NBC
z0040387,HI,SEAK/NBC,HI-SEAK/NBC
z0040465,HI,SEAK/NBC,HI-SEAK/NBC
z0040960,HI,SEAK/NBC,HI-SEAK/NBC
z0041115,HI,SEAK/NBC,HI-SEAK/NBC
z0041145,HI,SEAK/NBC,HI-SEAK/NBC
z0041153,HI,SEAK/NBC,HI-SEAK/NBC
z0041174,HI,SEAK/NBC,HI-SEAK/NBC
z0041472,HI,SEAK/NBC,HI-SEAK/NBC
z0041483,HI,SEAK/NBC,HI-SEAK/NBC
z0041494,HI,SEAK/NBC,HI-SEAK/NBC
z0041501,HI,SEAK/NBC,HI-SEAK/NBC
z0041512,HI,SEAK/NBC,HI-SEAK/NBC
z0041514,HI,SEAK/NBC,HI-SEAK/NBC
z0041522,HI,SEAK/NBC,HI-SEAK/NBC
z0041527,HI,SEAK/NBC,HI-SEAK/NBC
z0043478,HI,SEAK/NBC,HI-SEAK/NBC
z0043487,HI,SEAK/NBC,HI-SEAK/NBC
z0043488,HI,SEAK/NBC,HI-SEAK/NBC
z0043494,HI,SEAK/NBC,HI-SEAK/NBC
z0043498,HI,SEAK/NBC,HI-SEAK/NBC
z0043513,HI,SEAK/NBC,HI-SEAK/NBC
z0044017,HI,SEAK/NBC,HI-SEAK/NBC
z0044023,HI,SEAK/NBC,HI-SEAK/NBC
z0044033,HI,SEAK/NBC,HI-SEAK/NBC
z0044042,HI,SEAK/NBC,HI-SEAK/NBC
z0044044,HI,SEAK/NBC,HI-SEAK/NBC
z0044047,HI,SEAK/NBC,HI-SEAK/NBC
z0044056,HI,SEAK/NBC,HI-SEAK/NBC
z0044059,HI,SEAK/NBC,HI-SEAK/NBC
z0044064,HI,SEAK/NBC,HI-SEAK/NBC
z0044074,HI,SEAK/NBC,HI-SEAK/NBC
z0045728,HI,SEAK/NBC,HI-SEAK/NBC
z0045731,HI,SEAK/NBC,HI-SEAK/NBC
z0045736,HI,SEAK/NBC,HI-SEAK/NBC
z0045739,HI,SEAK/NBC,HI-SEAK/NBC
z0045741,HI,SEAK/NBC,HI-SEAK/NBC
z0045779,HI,SEAK/NBC,HI-SEAK/NBC
z0045781,HI,SEAK/NBC,HI-SEAK/NBC
z0045788,HI,SEAK/NBC,HI-SEAK/NBC
z0045789,HI,SEAK/NBC,HI-SEAK/NBC
z0045791,HI,SEAK/NBC,HI-SEAK/NBC
z0046923,HI,SEAK/NBC,HI-SEAK/NBC
z0046927,HI,SEAK/NBC,HI-SEAK/NBC
z0046929,HI,SEAK/NBC,HI-SEAK/NBC
z0052882,HI,SEAK/NBC,HI-SEAK/NBC
z0053038,HI,SEAK/NBC,HI-SEAK/NBC
z0053073,HI,SEAK/NBC,HI-SEAK/NBC
z0053097,HI,SEAK/NBC,HI-SEAK/NBC
z0053103,HI,SEAK/NBC,HI-SEAK/NBC
z0053132,HI,SEAK/NBC,HI-SEAK/NBC
z0075691,HI,SEAK/NBC,HI-SEAK/NBC
z0113607,HI,SEAK/NBC,HI-SEAK/NBC
z0061536,HI,SEAK/NBC,HI-SEAK/NBC
z0038417,HI,SEAK/NBC,HI-SEAK/NBC
z0041072,HI,SEAK/NBC,HI-SEAK/NBC
z0040308,HI,SEAK/NBC,HI-SEAK/NBC
z0040403,HI,SEAK/NBC,HI-SEAK/NBC
z0041026,HI,SEAK/NBC,HI-SEAK/NBC
z0041274,HI,SEAK/NBC,HI-SEAK/NBC
z0041465,HI,SEAK/NBC,HI-SEAK/NBC
z0041480,HI,SEAK/NBC,HI-SEAK/NBC
z0041498,HI,SEAK/NBC,HI-SEAK/NBC
z0041507,HI,SEAK/NBC,HI-SEAK/NBC
z0043477,HI,SEAK/NBC,HI-SEAK/NBC
z0043481,HI,SEAK/NBC,HI-SEAK/NBC
z0043489,HI,SEAK/NBC,HI-SEAK/NBC
z0043491,HI,SEAK/NBC,HI-SEAK/NBC
z0043493,HI,SEAK/NBC,HI-SEAK/NBC
z0044019,HI,SEAK/NBC,HI-SEAK/NBC
z0045719,HI,SEAK/NBC,HI-SEAK/NBC
z0045720,HI,SEAK/NBC,HI-SEAK/NBC
z0045733,HI,SEAK/NBC,HI-SEAK/NBC
z0045740,HI,SEAK/NBC,HI-SEAK/NBC
z0045742,HI,SEAK/NBC,HI-SEAK/NBC
z0046934,HI,SEAK/NBC,HI-SEAK/NBC
z0053021,HI,SEAK/NBC,HI-SEAK/NBC
z0113619,HI,SEAK/NBC,HI-SEAK/NBC
z0040357,HI,SEAK/NBC,HI-SEAK/NBC
z0040439,HI,SEAK/NBC,HI-SEAK/NBC
z0040451,HI,SEAK/NBC,HI-SEAK/NBC
z0043504,HI,SEAK/NBC,HI-SEAK/NBC
z0061982,HI,WA/SBC,HI-WA/SBC
207778,HI,WA/SBC,HI-WA/SBC
207777,HI,WA/SBC,HI-WA/SBC
z0175378,HI,WA/SBC,HI-WA/SBC
z0187885,HI,WA/SBC,HI-WA/SBC
z0195655,HI,WA/SBC,HI-WA/SBC
z0051888,HI,WA/SBC,HI-WA/SBC
z0195649,HI,WA/SBC,HI-WA/SBC
z0195688,HI,WA/SBC,HI-WA/SBC
z0196855,HI,WA/SBC,HI-WA/SBC
z0196857,HI,WA/SBC,HI-WA/SBC
z0196852,HI,WA/SBC,HI-WA/SBC
z0196828,HI,WA/SBC,HI-WA/SBC
z0044009,HI/MnMx,SEAK/NBC,HI/MnMx-SEAK/NBC
z0045710,HI/MnMx,SEAK/NBC,HI/MnMx-SEAK/NBC
z0041519,HI/MnMx,SEAK/NBC,HI/MnMx-SEAK/NBC
z0041521,HI/MnMx,SEAK/NBC,HI/MnMx-SEAK/NBC
z0043464,HI/Rev,SEAK/NBC,HI/Rev-SEAK/NBC
z0007446,minke,minke,minke
z0117063,minke,minke,minke
z0143977,minke,minke,minke
z0056095,MnMx,,
z0056111,MnMx,,
z0056044,MnMx,,
z0056056,MnMx,,
z0056062,MnMx,,
z0056069,MnMx,,
z0056081,MnMx,,
z0056083,MnMx,,
z0056059,MnMx,,
z0056064,MnMx,,
z0056066,MnMx,,
z0056076,MnMx,,
z0056085,MnMx,,
z0056090,MnMx,,
z0056092,MnMx,,
z0056073,MnMx,,
z0056100,MnMx,,
z0056110,MnMx,,
z0056072,MnMx,,
z0056079,MnMx,,
z0056103,MnMx,,
z0056104,MnMx,,
z0056058,MnMx,,
z0056065,MnMx,,
z0056074,MnMx,,
z0056093,MnMx,,
z0056102,MnMx,,
z0056106,MnMx,,
z0056063,MnMx,,
z0061971,MnMx,CA/OR/WA/SBC,MnMx-CA/OR/WA/SBC
z0207776,MnMx,CA/OR/WA/SBC,MnMx-CA/OR/WA/SBC
z0045344,MnMx,CA/OR/WA/SBC,MnMx-CA/OR/WA/SBC
z0045371,MnMx,CA/OR/WA/SBC,MnMx-CA/OR/WA/SBC
z0051431,MnMx,CA/OR/WA/SBC,MnMx-CA/OR/WA/SBC
z0195694,MnMx,CA/OR/WA/SBC,MnMx-CA/OR/WA/SBC
z0196856,MnMx,CA/OR/WA/SBC,MnMx-CA/OR/WA/SBC
z0016577,MnMx,CA/OR/WA/SBC,MnMx-CA/OR/WA/SBC
z0016579,MnMx,CA/OR/WA/SBC,MnMx-CA/OR/WA/SBC
z0029860,MnMx,CA/OR/WA/SBC,MnMx-CA/OR/WA/SBC
z0051885,MnMx,CA/OR/WA/SBC,MnMx-CA/OR/WA/SBC
z0053054,MnMx,CA/OR/WA/SBC,MnMx-CA/OR/WA/SBC
z0101181,MnMx,CA/OR/WA/SBC,MnMx-CA/OR/WA/SBC
z0145207,MnMx,CA/OR/WA/SBC,MnMx-CA/OR/WA/SBC
z0175351,MnMx,CA/OR/WA/SBC,MnMx-CA/OR/WA/SBC
z0175940,MnMx,CA/OR/WA/SBC,MnMx-CA/OR/WA/SBC
z0195652,MnMx,CA/OR/WA/SBC,MnMx-CA/OR/WA/SBC
z0195658,MnMx,CA/OR/WA/SBC,MnMx-CA/OR/WA/SBC
z0195660,MnMx,CA/OR/WA/SBC,MnMx-CA/OR/WA/SBC
z0195661,MnMx,CA/OR/WA/SBC,MnMx-CA/OR/WA/SBC
z0195704,MnMx,CA/OR/WA/SBC,MnMx-CA/OR/WA/SBC
z0195705,MnMx,CA/OR/WA/SBC,MnMx-CA/OR/WA/SBC
z0195740,MnMx,CA/OR/WA/SBC,MnMx-CA/OR/WA/SBC
z0197666,MnMx,CA/OR/WA/SBC,MnMx-CA/OR/WA/SBC
z0197669,MnMx,CA/OR/WA/SBC,MnMx-CA/OR/WA/SBC
z0029828,MnMx,CA/OR/WA/SBC,MnMx-CA/OR/WA/SBC
z0045399,MnMx,CA/OR/WA/SBC,MnMx-CA/OR/WA/SBC
z0045793,MnMx,CA/OR/WA/SBC,MnMx-CA/OR/WA/SBC
z0053051,MnMx,CA/OR/WA/SBC,MnMx-CA/OR/WA/SBC
z0056070,MnMx,CA/OR/WA/SBC,MnMx-CA/OR/WA/SBC
z0108473,MnMx,CA/OR/WA/SBC,MnMx-CA/OR/WA/SBC
z0108494,MnMx,CA/OR/WA/SBC,MnMx-CA/OR/WA/SBC
z0175354,MnMx,CA/OR/WA/SBC,MnMx-CA/OR/WA/SBC
z0005758,MnMx,CA/OR/WA/SBC,MnMx-CA/OR/WA/SBC
z0175381,MnMx,CA/OR/WA/SBC,MnMx-CA/OR/WA/SBC
z0187843,MnMx,CA/OR/WA/SBC,MnMx-CA/OR/WA/SBC
z0187882,MnMx,CA/OR/WA/SBC,MnMx-CA/OR/WA/SBC
z0195701,MnMx,CA/OR/WA/SBC,MnMx-CA/OR/WA/SBC
z0195737,MnMx,CA/OR/WA/SBC,MnMx-CA/OR/WA/SBC
z0195760,MnMx,CA/OR/WA/SBC,MnMx-CA/OR/WA/SBC
z0196715,MnMx,CA/OR/WA/SBC,MnMx-CA/OR/WA/SBC
z0196719,MnMx,CA/OR/WA/SBC,MnMx-CA/OR/WA/SBC
z0196724,MnMx,CA/OR/WA/SBC,MnMx-CA/OR/WA/SBC
z0196725,MnMx,CA/OR/WA/SBC,MnMx-CA/OR/WA/SBC
z0196739,MnMx,CA/OR/WA/SBC,MnMx-CA/OR/WA/SBC
z0196751,MnMx,CA/OR/WA/SBC,MnMx-CA/OR/WA/SBC
z0196763,MnMx,CA/OR/WA/SBC,MnMx-CA/OR/WA/SBC
z0196764,MnMx,CA/OR/WA/SBC,MnMx-CA/OR/WA/SBC
z0196824,MnMx,CA/OR/WA/SBC,MnMx-CA/OR/WA/SBC
z0196841,MnMx,CA/OR/WA/SBC,MnMx-CA/OR/WA/SBC
z0196843,MnMx,CA/OR/WA/SBC,MnMx-CA/OR/WA/SBC
z0061969,MnMx,CA/OR/WA/SBC,MnMx-CA/OR/WA/SBC
z0195691,MnMx,CA/OR/WA/SBC,MnMx-CA/OR/WA/SBC
z0068471,MnMx,CA/OR/WA/SBC,MnMx-CA/OR/WA/SBC
z0101101,MnMx,CA/OR/WA/SBC,MnMx-CA/OR/WA/SBC
z0108516,MnMx,CA/OR/WA/SBC,MnMx-CA/OR/WA/SBC
z0196740,MnMx,CA/OR/WA/SBC,MnMx-CA/OR/WA/SBC
z0196829,MnMx,CA/OR/WA/SBC,MnMx-CA/OR/WA/SBC
z0197672,MnMx,CA/OR/WA/SBC,MnMx-CA/OR/WA/SBC
z0037607,MnMx,CA/OR/WA/SBC,MnMx-CA/OR/WA/SBC
z0196864,MnMx,CA/OR/WA/SBC,MnMx-CA/OR/WA/SBC
z0197668,MnMx,CA/OR/WA/SBC,MnMx-CA/OR/WA/SBC
z0037610,MnMx,CA/OR/WA/SBC,MnMx-CA/OR/WA/SBC
z0045317,MnMx,CA/OR/WA/SBC,MnMx-CA/OR/WA/SBC
z0051327,MnMx,CA/OR/WA/SBC,MnMx-CA/OR/WA/SBC
z0051400,MnMx,CA/OR/WA/SBC,MnMx-CA/OR/WA/SBC
z0051875,MnMx,CA/OR/WA/SBC,MnMx-CA/OR/WA/SBC
z0051918,MnMx,CA/OR/WA/SBC,MnMx-CA/OR/WA/SBC
z0051939,MnMx,CA/OR/WA/SBC,MnMx-CA/OR/WA/SBC
z0187851,MnMx,CA/OR/WA/SBC,MnMx-CA/OR/WA/SBC
z0195642,MnMx,CA/OR/WA/SBC,MnMx-CA/OR/WA/SBC
z0195663,MnMx,CA/OR/WA/SBC,MnMx-CA/OR/WA/SBC
z0195687,MnMx,CA/OR/WA/SBC,MnMx-CA/OR/WA/SBC
z0195725,MnMx,CA/OR/WA/SBC,MnMx-CA/OR/WA/SBC
z0037609,MnMx,CA/OR/WA/SBC,MnMx-CA/OR/WA/SBC
z0045407,MnMx,CA/OR/WA/SBC,MnMx-CA/OR/WA/SBC
z0187837,MnMx,CA/OR/WA/SBC,MnMx-CA/OR/WA/SBC
z0196734,MnMx,CA/OR/WA/SBC,MnMx-CA/OR/WA/SBC
z0029861,MnMx,CA/OR/WA/SBC,MnMx-CA/OR/WA/SBC
z0045405,MnMx,CA/OR/WA/SBC,MnMx-CA/OR/WA/SBC
z0175914,MnMx,CA/OR/WA/SBC,MnMx-CA/OR/WA/SBC
z0195711,MnMx,CA/OR/WA/SBC,MnMx-CA/OR/WA/SBC
z0195753,MnMx,CA/OR/WA/SBC,MnMx-CA/OR/WA/SBC
z0195784,MnMx,CA/OR/WA/SBC,MnMx-CA/OR/WA/SBC
z0029865,MnMx,CA/OR/WA/SBC,MnMx-CA/OR/WA/SBC
z0051399,MnMx,CA/OR/WA/SBC,MnMx-CA/OR/WA/SBC
z0051932,MnMx,CA/OR/WA/SBC,MnMx-CA/OR/WA/SBC
z0051959,MnMx,CA/OR/WA/SBC,MnMx-CA/OR/WA/SBC
z0195718,MnMx,CA/OR/WA/SBC,MnMx-CA/OR/WA/SBC
z0195754,MnMx,CA/OR/WA/SBC,MnMx-CA/OR/WA/SBC
z0195762,MnMx,CA/OR/WA/SBC,MnMx-CA/OR/WA/SBC
z0195764,MnMx,CA/OR/WA/SBC,MnMx-CA/OR/WA/SBC
z0195783,MnMx,CA/OR/WA/SBC,MnMx-CA/OR/WA/SBC
z0196894,MnMx,CA/OR/WA/SBC,MnMx-CA/OR/WA/SBC
z0045398,MnMx,CA/OR/WA/SBC,MnMx-CA/OR/WA/SBC
z0045404,MnMx,CA/OR/WA/SBC,MnMx-CA/OR/WA/SBC
z0195683,MnMx,CA/OR/WA/SBC,MnMx-CA/OR/WA/SBC
z0195732,MnMx,CA/OR/WA/SBC,MnMx-CA/OR/WA/SBC
z0196729,MnMx,CA/OR/WA/SBC,MnMx-CA/OR/WA/SBC
z0005757,MnMx,CA/OR/WA/SBC,MnMx-CA/OR/WA/SBC
z0029866,MnMx,CA/OR/WA/SBC,MnMx-CA/OR/WA/SBC
z0045326,MnMx,CA/OR/WA/SBC,MnMx-CA/OR/WA/SBC
z0045347,MnMx,CA/OR/WA/SBC,MnMx-CA/OR/WA/SBC
z0051381,MnMx,CA/OR/WA/SBC,MnMx-CA/OR/WA/SBC
z0051428,MnMx,CA/OR/WA/SBC,MnMx-CA/OR/WA/SBC
z0051895,MnMx,CA/OR/WA/SBC,MnMx-CA/OR/WA/SBC
z0051966,MnMx,CA/OR/WA/SBC,MnMx-CA/OR/WA/SBC
z0061967,MnMx,CA/OR/WA/SBC,MnMx-CA/OR/WA/SBC
z0066166,MnMx,CA/OR/WA/SBC,MnMx-CA/OR/WA/SBC
z0107099,MnMx,CA/OR/WA/SBC,MnMx-CA/OR/WA/SBC
z0175930,MnMx,CA/OR/WA/SBC,MnMx-CA/OR/WA/SBC
z0187847,MnMx,CA/OR/WA/SBC,MnMx-CA/OR/WA/SBC
z0195699,MnMx,CA/OR/WA/SBC,MnMx-CA/OR/WA/SBC
z0195702,MnMx,CA/OR/WA/SBC,MnMx-CA/OR/WA/SBC
z0195716,MnMx,CA/OR/WA/SBC,MnMx-CA/OR/WA/SBC
z0195728,MnMx,CA/OR/WA/SBC,MnMx-CA/OR/WA/SBC
z0195751,MnMx,CA/OR/WA/SBC,MnMx-CA/OR/WA/SBC
z0108528,MnMx,CA/OR/WA/SBC,MnMx-CA/OR/WA/SBC
z0196710,MnMx,CA/OR/WA/SBC,MnMx-CA/OR/WA/SBC
z0196731,MnMx,CA/OR/WA/SBC,MnMx-CA/OR/WA/SBC
z0196752,MnMx,CA/OR/WA/SBC,MnMx-CA/OR/WA/SBC
z0196754,MnMx,CA/OR/WA/SBC,MnMx-CA/OR/WA/SBC
z0196766,MnMx,CA/OR/WA/SBC,MnMx-CA/OR/WA/SBC
z0196769,MnMx,CA/OR/WA/SBC,MnMx-CA/OR/WA/SBC
z0196774,MnMx,CA/OR/WA/SBC,MnMx-CA/OR/WA/SBC
z0196809,MnMx,CA/OR/WA/SBC,MnMx-CA/OR/WA/SBC
z0196825,MnMx,CA/OR/WA/SBC,MnMx-CA/OR/WA/SBC
z0196835,MnMx,CA/OR/WA/SBC,MnMx-CA/OR/WA/SBC
z0196849,MnMx,CA/OR/WA/SBC,MnMx-CA/OR/WA/SBC
z0051447,MnMx,CA/OR/WA/SBC,MnMx-CA/OR/WA/SBC
z0061978,MnMx,CA/OR/WA/SBC,MnMx-CA/OR/WA/SBC
z0196834,MnMx,CA/OR/WA/SBC,MnMx-CA/OR/WA/SBC
z0068566,MnMx,CA/OR/WA/SBC,MnMx-CA/OR/WA/SBC
z0175371,MnMx,CA/OR/WA/SBC,MnMx-CA/OR/WA/SBC
z0047587,MnMx,GOA,MnMx-GOA
z0056089,MnMx,GOA,MnMx-GOA
z0043678,MnMx,GOA,MnMx-GOA
z0056052,MnMx,GOA,MnMx-GOA
z0043627,MnMx,GOA,MnMx-GOA
z0047603,MnMx,GOA,MnMx-GOA
z0040513,MnMx,SEAK/NBC,MnMx-SEAK/NBC
z0146087,MnMx,SEAK/NBC,MnMx-SEAK/NBC
z0041526,MnMx,SEAK/NBC,MnMx-SEAK/NBC
z0043994,MnMx,SEAK/NBC,MnMx-SEAK/NBC
z0053082,MnMx,SEAK/NBC,MnMx-SEAK/NBC
z0046925,MnMx,SEAK/NBC,MnMx-SEAK/NBC
z0043475,MnMx,SEAK/NBC,MnMx-SEAK/NBC
z0045776,MnMx,SEAK/NBC,MnMx-SEAK/NBC
z0053090,MnMx,SEAK/NBC,MnMx-SEAK/NBC
z0053111,MnMx,SEAK/NBC,MnMx-SEAK/NBC
z0061527,MnMx,SEAK/NBC,MnMx-SEAK/NBC
z0113628,MnMx,SEAK/NBC,MnMx-SEAK/NBC
z0053078,MnMx,SEAK/NBC,MnMx-SEAK/NBC
z0196743,,CA/OR/WA/SBC,
z0195258,,CA/OR/WA/SBC,
z0195645,,CA/OR/WA/SBC,
z0195647,,CA/OR/WA/SBC,
z0195648,,CA/OR/WA/SBC,
z0195656,,CA/OR/WA/SBC,
z0195659,,CA/OR/WA/SBC,
z0195667,,CA/OR/WA/SBC,
z0195668,,CA/OR/WA/SBC,
z0195669,,CA/OR/WA/SBC,
z0195670,,CA/OR/WA/SBC,
z0195674,,CA/OR/WA/SBC,
z0195675,,CA/OR/WA/SBC,
z0195680,,CA/OR/WA/SBC,
z0195685,,CA/OR/WA/SBC,
z0195766,,CA/OR/WA/SBC,
z0195776,,CA/OR/WA/SBC,
z0195777,,CA/OR/WA/SBC,
z0196755,,CA/OR/WA/SBC,
z0196858,,CA/OR/WA/SBC,
z0196859,,CA/OR/WA/SBC,
z0196862,,CA/OR/WA/SBC,
z0196865,,CA/OR/WA/SBC,
z0196886,,CA/OR/WA/SBC,
z0197659,,CA/OR/WA/SBC,
z0197660,,CA/OR/WA/SBC,
z0197671,,CA/OR/WA/SBC,
z0197673,,CA/OR/WA/SBC,
z0175364,,CA/OR/WA/SBC,
z0195643,,CA/OR/WA/SBC,
z0195644,,CA/OR/WA/SBC,
z0195651,,CA/OR/WA/SBC,
z0195653,,CA/OR/WA/SBC,
z0195657,,CA/OR/WA/SBC,
z0195664,,CA/OR/WA/SBC,
z0195671,,CA/OR/WA/SBC,
z0195677,,CA/OR/WA/SBC,
z0195678,,CA/OR/WA/SBC,
z0195679,,CA/OR/WA/SBC,
z0195681,,CA/OR/WA/SBC,
z0195684,,CA/OR/WA/SBC,
z0195689,,CA/OR/WA/SBC,
z0195696,,CA/OR/WA/SBC,
z0195697,,CA/OR/WA/SBC,
z0195703,,CA/OR/WA/SBC,
z0195707,,CA/OR/WA/SBC,
z0195720,,CA/OR/WA/SBC,
z0195729,,CA/OR/WA/SBC,
z0195738,,CA/OR/WA/SBC,
z0195741,,CA/OR/WA/SBC,
z0195748,,CA/OR/WA/SBC,
z0195755,,CA/OR/WA/SBC,
z0195770,,CA/OR/WA/SBC,
z0195771,,CA/OR/WA/SBC,
z0195772,,CA/OR/WA/SBC,
z0195775,,CA/OR/WA/SBC,
z0196721,,CA/OR/WA/SBC,
z0196742,,CA/OR/WA/SBC,
z0196748,,CA/OR/WA/SBC,
z0196773,,CA/OR/WA/SBC,
z0196854,,CA/OR/WA/SBC,
z0196861,,CA/OR/WA/SBC,
z0196892,,CA/OR/WA/SBC,
z0196895,,CA/OR/WA/SBC,
z0175950,,CA/OR/WA/SBC,
z0195665,,CA/OR/WA/SBC,
z0195672,,CA/OR/WA/SBC,
z0195709,,CA/OR/WA/SBC,
z0195710,,CA/OR/WA/SBC,
z0195750,,CA/OR/WA/SBC,
z0195757,,CA/OR/WA/SBC,
z0195759,,CA/OR/WA/SBC,
z0195761,,CA/OR/WA/SBC,
z0195773,,CA/OR/WA/SBC,
z0195781,,CA/OR/WA/SBC,
z0195782,,CA/OR/WA/SBC,
z0196709,,CA/OR/WA/SBC,
z0196714,,CA/OR/WA/SBC,
z0196718,,CA/OR/WA/SBC,
z0196726,,CA/OR/WA/SBC,
z0196727,,CA/OR/WA/SBC,
z0196728,,CA/OR/WA/SBC,
z0196737,,CA/OR/WA/SBC,
z0196741,,CA/OR/WA/SBC,
z0196750,,CA/OR/WA/SBC,
z0196756,,CA/OR/WA/SBC,
z0196761,,CA/OR/WA/SBC,
z0196762,,CA/OR/WA/SBC,
z0196777,,CA/OR/WA/SBC,
z0196805,,CA/OR/WA/SBC,
z0196812,,CA/OR/WA/SBC,
z0196830,,CA/OR/WA/SBC,
z0196833,,CA/OR/WA/SBC,
z0196839,,CA/OR/WA/SBC,
z0196840,,CA/OR/WA/SBC,
z0196848,,CA/OR/WA/SBC,
z0196850,,CA/OR/WA/SBC,
z0196888,,CA/OR/WA/SBC,
z0051906,,CA/OR/WA/SBC,
z0195733,,CA/OR/WA/SBC,
z0195736,,CA/OR/WA/SBC,
z0195742,,CA/OR/WA/SBC,
z0195786,,CA/OR/WA/SBC,
z0195787,,CA/OR/WA/SBC,
z0196887,,CA/OR/WA/SBC,
z0195730,,CA/OR/WA/SBC,
z0196749,,CA/OR/WA/SBC,
z0195650,,CA/OR/WA/SBC,
z0195693,,CA/OR/WA/SBC,
z0195763,,CA/OR/WA/SBC,
z0196707,,CA/OR/WA/SBC,
z0045352,,CA/OR/WA/SBC,
z0195673,,CA/OR/WA/SBC,
z0195682,,CA/OR/WA/SBC,
z0196860,,CA/OR/WA/SBC,
z0195734,,CA/OR/WA/SBC,
z0196738,,CA/OR/WA/SBC,
z0196757,,CA/OR/WA/SBC,
z0196800,,CA/OR/WA/SBC,
z0196831,,CA/OR/WA/SBC,
z0197679,,CA/OR/WA/SBC,
z0195713,,CA/OR/WA/SBC,
z0195739,,CA/OR/WA/SBC,
z0196768,,CA/OR/WA/SBC,
z0195662,,CA/OR/WA/SBC,
z0195695,,CA/OR/WA/SBC,
z0196723,,CA/OR/WA/SBC,
z0196778,,CA/OR/WA/SBC,
z0195706,,CA/OR/WA/SBC,
z0196747,,CA/OR/WA/SBC,
z0196889,,CA/OR/WA/SBC,
z0196891,,CA/OR/WA/SBC,
z0195646,,CA/OR/WA/SBC,
z0195712,,CA/OR/WA/SBC,
z0195714,,CA/OR/WA/SBC,
z0195717,,CA/OR/WA/SBC,
z0195721,,CA/OR/WA/SBC,
z0195722,,CA/OR/WA/SBC,
z0195727,,CA/OR/WA/SBC,
z0195735,,CA/OR/WA/SBC,
z0195743,,CA/OR/WA/SBC,
z0195756,,CA/OR/WA/SBC,
z0195769,,CA/OR/WA/SBC,
z0195778,,CA/OR/WA/SBC,
z0195780,,CA/OR/WA/SBC,
z0195791,,CA/OR/WA/SBC,
z0196708,,CA/OR/WA/SBC,
z0196711,,CA/OR/WA/SBC,
z0196722,,CA/OR/WA/SBC,
z0196732,,CA/OR/WA/SBC,
z0196759,,CA/OR/WA/SBC,
z0196765,,CA/OR/WA/SBC,
z0196767,,CA/OR/WA/SBC,
z0196770,,CA/OR/WA/SBC,
z0196772,,CA/OR/WA/SBC,
z0196775,,CA/OR/WA/SBC,
z0196781,,CA/OR/WA/SBC,
z0196793,,CA/OR/WA/SBC,
z0196806,,CA/OR/WA/SBC,
z0196826,,CA/OR/WA/SBC,
z0196832,,CA/OR/WA/SBC,
z0196842,,CA/OR/WA/SBC,
z0196844,,CA/OR/WA/SBC,
z0196845,,CA/OR/WA/SBC,
z0196846,,CA/OR/WA/SBC,
z0196847,,CA/OR/WA/SBC,
z0196851,,CA/OR/WA/SBC,
z0196863,,CA/OR/WA/SBC,
z0197667,,CA/OR/WA/SBC,
z0049019,,CA/OR/WA/SBC,
z0195779,,CA/OR/WA/SBC,
z0049020,,CA/OR/WA/SBC,
z0196744,,CA/OR/WA/SBC,
z0195686,,CA/OR/WA/SBC,
z0195708,,CA/OR/WA/SBC,
z0051808,OG,Rus,OG-Rus
z0063342,OK,,
z0063269,OK,,
z0063273,OK,,
z0063275,OK,,
z0063328,OK,,
z0051813,OK,Rus,OK-Rus
z0055996,Rev,,
z0012702,Rev,,
z0055997,Rev,,
z0056034,Rev,,
z0055962,Rev,AI.Ber,Rev-AI.Ber
z0055903,Rev,AI.Ber,Rev-AI.Ber
z0043839,Rev,AI.Ber,Rev-AI.Ber
z0056012,Rev,,
z0055895,Rev,,
z0055896,Rev,,
z0055932,Rev,,
z0055936,Rev,,
z0055986,Rev,,
z0055884,Rev,,
z0055963,Rev,,
z0055965,Rev,,
z0056001,Rev,,
z0056011,Rev,,
z0055915,Rev,,
z0055947,Rev,,
z0056010,Rev,,
z0055909,Rev,,
z0055957,Rev,,
z0055970,Rev,,
z0056029,Rev,,
z0055928,Rev,,
z0055910,Rev,,
z0055948,Rev,,
z0055990,Rev,,
z0056337,Rev,,
z0055959,Rev,,
z0043526,Rev,SEAK/NBC,Rev-SEAK/NBC
z0030033,Rev,SEAK/NBC,Rev-SEAK/NBC
z0052846,Rev,SEAK/NBC,Rev-SEAK/NBC
z0055945,Rev,SEAK/NBC,Rev-SEAK/NBC
z0043716,Rev,GOA,Rev-GOA
z0043650,Rev,GOA,Rev-GOA
z0055944,Rev,GOA,Rev-GOA
z0055977,Rev,GOA,Rev-GOA
z0055931,Rev,GOA,Rev-GOA
z0043979,Rev,GOA,Rev-GOA
z0043666,Rev,GOA,Rev-GOA
z0055908,Rev,GOA,Rev-GOA
z0055971,Rev,GOA,Rev-GOA
z0043724,Rev,GOA,Rev-GOA
z0043891,Rev,GOA,Rev-GOA
z0055916,Rev,GOA,Rev-GOA
z0055999,Rev,GOA,Rev-GOA
z0055912,Rev,GOA,Rev-GOA
z0043904,Rev,GOA,Rev-GOA
z0043674,Rev,GOA,Rev-GOA
z0043640,Rev,GOA,Rev-GOA
z0055998,Rev,GOA,Rev-GOA
z0196686,Shem,Shem,Shem
z0196687,Shem,Shem,Shem
z0196689,Shem,Shem,Shem
z0196690,Shem,Shem,Shem
z0075696,Shem,Shem,Shem
z0196691,Shem,Shem,Shem
z0196692,Shem,Shem,Shem
z0196693,Shem,Shem,Shem
z0196694,Shem,Shem,Shem
z0025405,SMX,,
z0016576,SMX,,
z0175928,SMX,,
z0029831,SMX,,
z0051405,SMX,,
z0051898,SMX,,
z0175377,SMX,,
z0187846,SMX,,
z0195690,SMX,,
z0029833,SMX,,
z0045357,SMX,,
z0051404,SMX,,
z0175915,SMX,,
z0175927,SMX,,
z0187842,SMX,,
z0187868,SMX,,
z0053055,SMX,,
z0196760,SMX,,
z0196823,SMX,,
z0197682,SMX,,
z0012701,SMX,,
z0195700,SMX,,
z0195715,SMX,,
z0197664,SMX,,
z0107073,SMX,,
z0195758,SMX,,
z0107067,SMX,,
z0051402,SMX,,
z0045329,SMX,,
z0045358,SMX,,
z0051879,SMX,,
z0107055,SMX,,
z0107078,SMX,,
z0107080,SMX,,
z0108480,SMX,,
z0108508,SMX,,
z0108510,SMX,,
z0175953,SMX,,
z0187811,SMX,,
z0187859,SMX,,
z0196753,SMX,,
z0196795,SMX,,
z0196822,SMX,,
z0051945,SMX,,
z0196792,SMX,,
z0051968,SMX,,