"","AnimalID","LABID","SEX","HAP","mito.haps","wint.area","feed.area","herd","HI.v.HI.SEAK","MnMx.v.MnMx.CA.OR.WA"
"1","z0011162","z0011162",NA,NA,NA,NA,NA,NA,NA,NA
"2","z0017317","z0017317",NA,NA,NA,NA,NA,NA,NA,NA
"3","z0042288","z0042288",NA,NA,NA,NA,NA,NA,NA,NA
"4","z0025439","z0025439",NA,NA,NA,NA,NA,NA,NA,NA
"5","z0030424","z0030424","F",NA,NA,NA,NA,NA,NA,NA
"6","z0032258","z0032258","M",NA,NA,NA,NA,NA,NA,NA
"7","z0187906","z0187906","F","Aminus",NA,"CentAm","CA.OR.WA","CentAm-CA.OR.WA",NA,NA
"8","z0029829","z0029829","F","E1","MnMito08","CentAm","CA.OR.WA","CentAm-CA.OR.WA",NA,NA
"9","z0045332","z0045332","M","E1","MnMito08","CentAm","CA.OR.WA","CentAm-CA.OR.WA",NA,NA
"10","z0045342","z0045342","F","E1","MnMito08","CentAm","CA.OR.WA","CentAm-CA.OR.WA",NA,NA
"11","z0045370","z0056399","F","E1","MnMito08","CentAm","CA.OR.WA","CentAm-CA.OR.WA",NA,NA
"12","z0051185","z0051185","M","E1",NA,"CentAm","CA.OR.WA","CentAm-CA.OR.WA",NA,NA
"13","z0051380","z0051380","M","E1","MnMito08","CentAm","CA.OR.WA","CentAm-CA.OR.WA",NA,NA
"14","z0053842","z0053842","F","E1","MnMito10","CentAm","CA.OR.WA","CentAm-CA.OR.WA",NA,NA
"15","z0053849","z0053849","M","E1","MnMito12","CentAm","CA.OR.WA","CentAm-CA.OR.WA",NA,NA
"16","z0056382","z0056382","F","E1","MnMito08","CentAm","CA.OR.WA","CentAm-CA.OR.WA",NA,NA
"17","z0056387","z0187911","F","E1",NA,NA,NA,NA,NA,NA
"18","z0056393","z0056393","F","E1","MnMito09","CentAm","CA.OR.WA","CentAm-CA.OR.WA",NA,NA
"19","z0056394","z0056394","F","E1","MnMito09","CentAm","CA.OR.WA","CentAm-CA.OR.WA",NA,NA
"20","z0178348","z0178348","M","E1",NA,"CentAm","CA.OR.WA","CentAm-CA.OR.WA",NA,NA
"21","z0056375","z0056375","M","E1_E11",NA,"CentAm","CA.OR.WA","CentAm-CA.OR.WA",NA,NA
"22","z0195726","z0195726","M","E1_E11",NA,"CentAm","CA.OR.WA","CentAm-CA.OR.WA",NA,NA
"23","z0196804","z0196804","M","E1_E11",NA,"CentAm","CA.OR.WA","CentAm-CA.OR.WA",NA,NA
"24","z0045401","z0045401","M","E10","MnMito15","CentAm","CA.OR.WA","CentAm-CA.OR.WA",NA,NA
"25","z0197662","z0197662","M","E10",NA,"CentAm","CA.OR.WA","CentAm-CA.OR.WA",NA,NA
"26","z0056392","z0056392","M","E13","MnMito16","CentAm","CA.OR.WA","CentAm-CA.OR.WA",NA,NA
"27","z0061980","z0061980","M","E13",NA,"CentAm","CA.OR.WA","CentAm-CA.OR.WA",NA,NA
"28","z0175937","z0175937","F","E13",NA,"CentAm","CA.OR.WA","CentAm-CA.OR.WA",NA,NA
"29","z0016578","z0016578","M","E4","MnMito22","CentAm","CA.OR.WA","CentAm-CA.OR.WA",NA,NA
"30","z0053758","z0053758","M","E4","MnMito22","CentAm","CA.OR.WA","CentAm-CA.OR.WA",NA,NA
"31","z0056389","z0056389","F","E4","MnMito22","CentAm","CA.OR.WA","CentAm-CA.OR.WA",NA,NA
"32","z0029846","z0029846","M","E5",NA,"CentAm","CA.OR.WA","CentAm-CA.OR.WA",NA,NA
"33","z0037624","z0037624","M","E5","MnMito24","CentAm","CA.OR.WA","CentAm-CA.OR.WA",NA,NA
"34","z0053760","z0053760","M","E5","MnMito23","CentAm","CA.OR.WA","CentAm-CA.OR.WA",NA,NA
"35","z0053759","z0053759","M","E6","MnMito25","CentAm","CA.OR.WA","CentAm-CA.OR.WA",NA,NA
"36","z0053846","z0053846","M","F1","MnMito28N","CentAm","CA.OR.WA","CentAm-CA.OR.WA",NA,NA
"37","z0029863","z0029863","M","F2","MnMito29","CentAm","CA.OR.WA","CentAm-CA.OR.WA",NA,NA
"38","z0029864","z0029864","M","F2",NA,"CentAm","CA.OR.WA","CentAm-CA.OR.WA",NA,NA
"39","z0045333","z0045333","F","F2",NA,"CentAm","CA.OR.WA","CentAm-CA.OR.WA",NA,NA
"40","z0045337","z0045337","M","F2",NA,"CentAm","CA.OR.WA","CentAm-CA.OR.WA",NA,NA
"41","z0045350","z0045350","F","F2",NA,"CentAm","CA.OR.WA","CentAm-CA.OR.WA",NA,NA
"42","z0045792","z0045792","M","F2","MnMito29","CentAm","CA.OR.WA","CentAm-CA.OR.WA",NA,NA
"43","z0051324","z0051324","M","F2","MnMito32","CentAm","CA.OR.WA","CentAm-CA.OR.WA",NA,NA
"44","z0051326","z0051326","M","F2",NA,"CentAm","CA.OR.WA","CentAm-CA.OR.WA",NA,NA
"45","z0051328","z0051328","M","F2",NA,"CentAm","CA.OR.WA","CentAm-CA.OR.WA",NA,NA
"46","z0051893","z0051893","M","F2","MnMito32","CentAm","CA.OR.WA","CentAm-CA.OR.WA",NA,NA
"47","z0051922","z0196736","M","F2",NA,NA,NA,NA,NA,NA
"48","z0051929","z0051929","M","F2","MnMito32","CentAm","CA.OR.WA","CentAm-CA.OR.WA",NA,NA
"49","z0053754","z0053754","M","F2","MnMito29","CentAm","CA.OR.WA","CentAm-CA.OR.WA",NA,NA
"50","z0053756","z0053756","M","F2","MnMito29","CentAm","CA.OR.WA","CentAm-CA.OR.WA",NA,NA
"51","z0053843","z0053843","F","F2","MnMito32","CentAm","CA.OR.WA","CentAm-CA.OR.WA",NA,NA
"52","z0053844","z0053844","M","F2","MnMito29","CentAm","CA.OR.WA","CentAm-CA.OR.WA",NA,NA
"53","z0056374","z0056374","M","F2","MnMito32","CentAm","CA.OR.WA","CentAm-CA.OR.WA",NA,NA
"54","z0056378","z0056378","F","F2","MnMito32","CentAm","CA.OR.WA","CentAm-CA.OR.WA",NA,NA
"55","z0056384","z0056384","F","F2",NA,"CentAm","CA.OR.WA","CentAm-CA.OR.WA",NA,NA
"56","z0056386","z0056386","M","F2","MnMito34","CentAm","CA.OR.WA","CentAm-CA.OR.WA",NA,NA
"57","z0056391","z0056391","M","F2","MnMito29","CentAm","CA.OR.WA","CentAm-CA.OR.WA",NA,NA
"58","z0056395","z0056395","M","F2","MnMito29","CentAm","CA.OR.WA","CentAm-CA.OR.WA",NA,NA
"59","z0056397","z0056397","M","F2","MnMito16","CentAm","CA.OR.WA","CentAm-CA.OR.WA",NA,NA
"60","z0101084","z0101084","M","F2","MnMito29","CentAm","CA.OR.WA","CentAm-CA.OR.WA",NA,NA
"61","z0107101","z0107101","F","F2",NA,"CentAm","CA.OR.WA","CentAm-CA.OR.WA",NA,NA
"62","z0108489","z0108489","F","F2",NA,"CentAm","CA.OR.WA","CentAm-CA.OR.WA",NA,NA
"63","z0108513","z0108513","F","F2","MnMito29","CentAm","CA.OR.WA","CentAm-CA.OR.WA",NA,NA
"64","z0133302","z0133302","M","F2","MnMito29","CentAm","CA.OR.WA","CentAm-CA.OR.WA",NA,NA
"65","z0173485","z0173485","F","F2","MnMito35","CentAm","CA.OR.WA","CentAm-CA.OR.WA",NA,NA
"66","z0175912","z0175912","M","F2",NA,"CentAm","CA.OR.WA","CentAm-CA.OR.WA",NA,NA
"67","z0187857","z0187857","M","F2",NA,"CentAm","CA.OR.WA","CentAm-CA.OR.WA",NA,NA
"68","z0187860","z0187860","M","F2",NA,"CentAm","CA.OR.WA","CentAm-CA.OR.WA",NA,NA
"69","z0196730","z0196730","M","F2",NA,"CentAm","CA.OR.WA","CentAm-CA.OR.WA",NA,NA
"70","z0196733","z0196733","M","F2",NA,"CentAm","CA.OR.WA","CentAm-CA.OR.WA",NA,NA
"71","z0196746","z0196746","F","F2",NA,"CentAm","CA.OR.WA","CentAm-CA.OR.WA",NA,NA
"72","z0196783","z0196783","F","F2",NA,"CentAm","CA.OR.WA","CentAm-CA.OR.WA",NA,NA
"73","z0196794","z0196794","F","F2",NA,"CentAm","CA.OR.WA","CentAm-CA.OR.WA",NA,NA
"74","z0196810","z0196810","F","F2",NA,"CentAm","CA.OR.WA","CentAm-CA.OR.WA",NA,NA
"75","z0196838","z0196838","F","F2",NA,"CentAm","CA.OR.WA","CentAm-CA.OR.WA",NA,NA
"76","z0197665","z0197665","F","F2",NA,"CentAm","CA.OR.WA","CentAm-CA.OR.WA",NA,NA
"77","z0045331","z0045331","M","F3","MnMito41","CentAm","CA.OR.WA","CentAm-CA.OR.WA",NA,NA
"78","z0051891","z0051891","F","F3",NA,"CentAm","CA.OR.WA","CentAm-CA.OR.WA",NA,NA
"79","z0051947","z0051947","M","F3","MnMito41","CentAm","CA.OR.WA","CentAm-CA.OR.WA",NA,NA
"80","z0053847","z0053847","F","F3","MnMito41","CentAm","CA.OR.WA","CentAm-CA.OR.WA",NA,NA
"81","z0056377","z0056377","M","F3","MnMito41","CentAm","CA.OR.WA","CentAm-CA.OR.WA",NA,NA
"82","z0175916","z0175916","M","F3",NA,"CentAm","CA.OR.WA","CentAm-CA.OR.WA",NA,NA
"83","z0196758","z0196758","F","F3",NA,"CentAm","CA.OR.WA","CentAm-CA.OR.WA",NA,NA
"84","z0196811","z0196811","M","F3",NA,"CentAm","CA.OR.WA","CentAm-CA.OR.WA",NA,NA
"85","z0011944","z0011944","F","H35","MnMito45N","CentAm","CA.OR.WA","CentAm-CA.OR.WA",NA,NA
"86","z0066805","z0066805","M","H35","MnMito45N","CentAm","CA.OR.WA","CentAm-CA.OR.WA",NA,NA
"87","z0018264","z0018264","M","H36","MnMito46","CentAm","CA.OR.WA","CentAm-CA.OR.WA",NA,NA
"88","z0066792","z0066792","M","SP90","MnMito48","CentAm","CA.OR.WA","CentAm-CA.OR.WA",NA,NA
"89","z0067213","z0067213",NA,NA,NA,NA,NA,NA,NA,NA
"90","z0030475","z0030475",NA,NA,NA,NA,NA,NA,NA,NA
"91","z0062886","z0062886",NA,NA,NA,NA,NA,NA,NA,NA
"92","z0012201","z0012201",NA,NA,NA,NA,NA,NA,NA,NA
"93","z0040363","z0040363","M","Aminus",NA,"HI",NA,NA,"HI-unknown",NA
"94","z0040334","z0040334","M","Aplus",NA,"HI",NA,NA,"HI-unknown",NA
"95","z0040345","z0040345","M","Aplus",NA,"HI",NA,NA,"HI-unknown",NA
"96","z0040413","z0040413","M","E14",NA,"HI",NA,NA,"HI-unknown",NA
"97","z0040337","z0040337","M","F2",NA,"HI",NA,NA,"HI-unknown",NA
"98","z0040985","z0040985","M","F2",NA,"HI",NA,NA,"HI-unknown",NA
"99","z0041243","z0041243","M","A3",NA,"HI","Al.Ber","HI-Al.Ber","HI-other",NA
"100","z0040961","z0040961","M","Aminus",NA,"HI","Al.Ber","HI-Al.Ber","HI-other",NA
"101","z0043819","z0043819","M","Aminus",NA,"HI","Al.Ber","HI-Al.Ber","HI-other",NA
"102","z0043915","z0043915","M","Aminus",NA,"HI","Al.Ber","HI-Al.Ber","HI-other",NA
"103","z0041250","z0041250","F","Aplus",NA,"HI","Al.Ber","HI-Al.Ber","HI-other",NA
"104","z0047854","z0047854","M","Aplus",NA,"HI","Al.Ber","HI-Al.Ber","HI-other",NA
"105","z0043876","z0043876","M","E1",NA,"HI","Al.Ber","HI-Al.Ber","HI-other",NA
"106","z0041051","z0041051","M","E5",NA,"HI","Al.Ber","HI-Al.Ber","HI-other",NA
"107","z0043243","z0043243","F","E5",NA,"HI","Al.Ber","HI-Al.Ber","HI-other",NA
"108","z0043807","z0043807","F","F2",NA,"HI","Al.Ber","HI-Al.Ber","HI-other",NA
"109","z0043877","z0043877","F","F2",NA,"HI","Al.Ber","HI-Al.Ber","HI-other",NA
"110","z0040275","z0040275","F","Aminus",NA,"HI","GOA","HI-GOA","HI-other",NA
"111","z0040287","z0040287","M","Aminus",NA,"HI","GOA","HI-GOA","HI-other",NA
"112","z0041233","z0041233","M","Aminus",NA,"HI","GOA","HI-GOA","HI-other",NA
"113","z0043278","z0043278","M","Aminus",NA,"HI","GOA","HI-GOA","HI-other",NA
"114","z0043566","z0043566","M","Aminus",NA,"HI","GOA","HI-GOA","HI-other",NA
"115","z0043572","z0043572","F","Aminus",NA,"HI","GOA","HI-GOA","HI-other",NA
"116","z0043649","z0043649","M","Aminus",NA,"HI","GOA","HI-GOA","HI-other",NA
"117","z0043668","z0043668","M","Aminus",NA,"HI","GOA","HI-GOA","HI-other",NA
"118","z0043693","z0043693","F","Aminus",NA,"HI","GOA","HI-GOA","HI-other",NA
"119","z0043704","z0043704","F","Aminus",NA,"HI","GOA","HI-GOA","HI-other",NA
"120","z0043954","z0043954","F","Aminus",NA,"HI","GOA","HI-GOA","HI-other",NA
"121","z0044432","z0044432","F","Aminus",NA,"HI","GOA","HI-GOA","HI-other",NA
"122","z0041248","z0041248","M","Aplus",NA,"HI","GOA","HI-GOA","HI-other",NA
"123","z0043599","z0043599","M","Aplus",NA,"HI","GOA","HI-GOA","HI-other",NA
"124","z0043940","z0043940","F","Aplus",NA,"HI","GOA","HI-GOA","HI-other",NA
"125","z0043966","z0043966","F","Aplus",NA,"HI","GOA","HI-GOA","HI-other",NA
"126","z0043980","z0043980","F","Aplus",NA,"HI","GOA","HI-GOA","HI-other",NA
"127","z0047562","z0047562","M","Aplus",NA,"HI","GOA","HI-GOA","HI-other",NA
"128","z0043652","z0043652","M","E1",NA,"HI","GOA","HI-GOA","HI-other",NA
"129","z0043642","z0043642","M","F4",NA,"HI","GOA","HI-GOA","HI-other",NA
"130","z0043686","z0043686","F","HET",NA,"HI","GOA","HI-GOA","HI-other",NA
"131","z0051840","z0051840","F","A3",NA,"HI","Rus","HI-Rus","HI-other",NA
"132","z0051844","z0051844","M","Aplus",NA,"HI","Rus","HI-Rus","HI-other",NA
"133","z0040333","z0040333","F","Aminus",NA,"HI","SEAK.NBC","HI-SEAK.NBC","HI-SEAK.NBC",NA
"134","z0053024","z0053024","M","Aminus",NA,"HI","SEAK.NBC","HI-SEAK.NBC","HI-SEAK.NBC",NA
"135","z0053025","z0053025","M","Aminus",NA,"HI","SEAK.NBC","HI-SEAK.NBC","HI-SEAK.NBC",NA
"136","z0053032","z0053032","F","Aminus",NA,"HI","SEAK.NBC","HI-SEAK.NBC","HI-SEAK.NBC",NA
"137","z0053083","z0053083","M","Aminus",NA,"HI","SEAK.NBC","HI-SEAK.NBC","HI-SEAK.NBC",NA
"138","z0053096","z0053096","M","Aminus",NA,"HI","SEAK.NBC","HI-SEAK.NBC","HI-SEAK.NBC",NA
"139","z0053101","z0053101","M","Aminus",NA,"HI","SEAK.NBC","HI-SEAK.NBC","HI-SEAK.NBC",NA
"140","z0053131","z0053131","F","Aminus",NA,"HI","SEAK.NBC","HI-SEAK.NBC","HI-SEAK.NBC",NA
"141","z0053133","z0053133","M","Aminus",NA,"HI","SEAK.NBC","HI-SEAK.NBC","HI-SEAK.NBC",NA
"142","z0053138","z0053138","M","Aminus",NA,"HI","SEAK.NBC","HI-SEAK.NBC","HI-SEAK.NBC",NA
"143","z0053142","z0053142","M","Aminus",NA,"HI","SEAK.NBC","HI-SEAK.NBC","HI-SEAK.NBC",NA
"144","z0053020","z0053020","M","Aplus",NA,"HI","SEAK.NBC","HI-SEAK.NBC","HI-SEAK.NBC",NA
"145","z0053100","z0053100","M","Aplus",NA,"HI","SEAK.NBC","HI-SEAK.NBC","HI-SEAK.NBC",NA
"146","z0053102","z0053102","F","Aplus",NA,"HI","SEAK.NBC","HI-SEAK.NBC","HI-SEAK.NBC",NA
"147","z0053149","z0053149","M","Aplus",NA,"HI","SEAK.NBC","HI-SEAK.NBC","HI-SEAK.NBC",NA
"148","z0053031","z0053031","F","E2",NA,"HI","SEAK.NBC","HI-SEAK.NBC","HI-SEAK.NBC",NA
"149","z0053040","z0053040","F","E2",NA,"HI","SEAK.NBC","HI-SEAK.NBC","HI-SEAK.NBC",NA
"150","z0053071","z0053071","M","HET",NA,"HI","SEAK.NBC","HI-SEAK.NBC","HI-SEAK.NBC",NA
"151","z0040298","z0043496","M","Aminus",NA,NA,NA,NA,NA,NA
"152","z0040364","z0040364","M","Aminus",NA,"HI","SEAK.NBC","HI-SEAK.NBC","HI-SEAK.NBC",NA
"153","z0040387","z0040387","M","Aminus",NA,"HI","SEAK.NBC","HI-SEAK.NBC","HI-SEAK.NBC",NA
"154","z0040465","z0040465","F","Aminus",NA,"HI","SEAK.NBC","HI-SEAK.NBC","HI-SEAK.NBC",NA
"155","z0041115","z0041115","M","Aminus",NA,"HI","SEAK.NBC","HI-SEAK.NBC","HI-SEAK.NBC",NA
"156","z0041153","z0041153","F","Aminus",NA,"HI","SEAK.NBC","HI-SEAK.NBC","HI-SEAK.NBC",NA
"157","z0041472","z0041472","M","Aminus",NA,"HI","SEAK.NBC","HI-SEAK.NBC","HI-SEAK.NBC",NA
"158","z0041483","z0041483","F","Aminus",NA,"HI","SEAK.NBC","HI-SEAK.NBC","HI-SEAK.NBC",NA
"159","z0041494","z0041494","F","Aminus",NA,"HI","SEAK.NBC","HI-SEAK.NBC","HI-SEAK.NBC",NA
"160","z0041501","z0041501","F","Aminus",NA,"HI","SEAK.NBC","HI-SEAK.NBC","HI-SEAK.NBC",NA
"161","z0041512","z0041512","M","Aminus",NA,"HI","SEAK.NBC","HI-SEAK.NBC","HI-SEAK.NBC",NA
"162","z0041522","z0041522","M","Aminus",NA,"HI","SEAK.NBC","HI-SEAK.NBC","HI-SEAK.NBC",NA
"163","z0041527","z0041527","M","Aminus",NA,"HI","SEAK.NBC","HI-SEAK.NBC","HI-SEAK.NBC",NA
"164","z0043478","z0043478","F","Aminus",NA,"HI","SEAK.NBC","HI-SEAK.NBC","HI-SEAK.NBC",NA
"165","z0043494","z0043494","M","Aminus",NA,"HI","SEAK.NBC","HI-SEAK.NBC","HI-SEAK.NBC",NA
"166","z0043498","z0043498","F","Aminus",NA,"HI","SEAK.NBC","HI-SEAK.NBC","HI-SEAK.NBC",NA
"167","z0044017","z0044017","M","Aminus",NA,"HI","SEAK.NBC","HI-SEAK.NBC","HI-SEAK.NBC",NA
"168","z0044023","z0044023","F","Aminus",NA,"HI","SEAK.NBC","HI-SEAK.NBC","HI-SEAK.NBC",NA
"169","z0044033","z0044033","F","Aminus",NA,"HI","SEAK.NBC","HI-SEAK.NBC","HI-SEAK.NBC",NA
"170","z0044042","z0044042","F","Aminus",NA,"HI","SEAK.NBC","HI-SEAK.NBC","HI-SEAK.NBC",NA
"171","z0044047","z0044047","M","Aminus",NA,"HI","SEAK.NBC","HI-SEAK.NBC","HI-SEAK.NBC",NA
"172","z0044064","z0044064","M","Aminus",NA,"HI","SEAK.NBC","HI-SEAK.NBC","HI-SEAK.NBC",NA
"173","z0045728","z0045728","M","Aminus",NA,"HI","SEAK.NBC","HI-SEAK.NBC","HI-SEAK.NBC",NA
"174","z0045731","z0045731","F","Aminus",NA,"HI","SEAK.NBC","HI-SEAK.NBC","HI-SEAK.NBC",NA
"175","z0045736","z0045736","M","Aminus",NA,"HI","SEAK.NBC","HI-SEAK.NBC","HI-SEAK.NBC",NA
"176","z0045739","z0045739","M","Aminus",NA,"HI","SEAK.NBC","HI-SEAK.NBC","HI-SEAK.NBC",NA
"177","z0045741","z0045741","M","Aminus",NA,"HI","SEAK.NBC","HI-SEAK.NBC","HI-SEAK.NBC",NA
"178","z0045779","z0045779","F","Aminus",NA,"HI","SEAK.NBC","HI-SEAK.NBC","HI-SEAK.NBC",NA
"179","z0045781","z0045781","M","Aminus",NA,"HI","SEAK.NBC","HI-SEAK.NBC","HI-SEAK.NBC",NA
"180","z0045788","z0045788","F","Aminus",NA,"HI","SEAK.NBC","HI-SEAK.NBC","HI-SEAK.NBC",NA
"181","z0045789","z0045789","F","Aminus",NA,"HI","SEAK.NBC","HI-SEAK.NBC","HI-SEAK.NBC",NA
"182","z0045791","z0045791","F","Aminus",NA,"HI","SEAK.NBC","HI-SEAK.NBC","HI-SEAK.NBC",NA
"183","z0052882","z0052882","F","Aminus",NA,"HI","SEAK.NBC","HI-SEAK.NBC","HI-SEAK.NBC",NA
"184","z0053073","z0053073","M","Aminus",NA,"HI","SEAK.NBC","HI-SEAK.NBC","HI-SEAK.NBC",NA
"185","z0053103","z0053103","F","Aminus",NA,"HI","SEAK.NBC","HI-SEAK.NBC","HI-SEAK.NBC",NA
"186","z0053132","z0053132","M","Aminus",NA,"HI","SEAK.NBC","HI-SEAK.NBC","HI-SEAK.NBC",NA
"187","z0038417","z0174005","M","Aminus",NA,"HI","SEAK.NBC","HI-SEAK.NBC","HI-SEAK.NBC",NA
"188","z0040308","z0040308","F","Aplus",NA,"HI","SEAK.NBC","HI-SEAK.NBC","HI-SEAK.NBC",NA
"189","z0040403","z0040403","M","Aplus",NA,"HI","SEAK.NBC","HI-SEAK.NBC","HI-SEAK.NBC",NA
"190","z0041026","z0041026","F","Aplus",NA,"HI","SEAK.NBC","HI-SEAK.NBC","HI-SEAK.NBC",NA
"191","z0041274","z0041274","M","Aplus",NA,"HI","SEAK.NBC","HI-SEAK.NBC","HI-SEAK.NBC",NA
"192","z0041465","z0041465","F","Aplus",NA,"HI","SEAK.NBC","HI-SEAK.NBC","HI-SEAK.NBC",NA
"193","z0041480","z0041480","F","Aplus",NA,"HI","SEAK.NBC","HI-SEAK.NBC","HI-SEAK.NBC",NA
"194","z0041498","z0041498","M","Aplus",NA,"HI","SEAK.NBC","HI-SEAK.NBC","HI-SEAK.NBC",NA
"195","z0041507","z0041507","M","Aplus",NA,"HI","SEAK.NBC","HI-SEAK.NBC","HI-SEAK.NBC",NA
"196","z0043477","z0043477","M","Aplus",NA,"HI","SEAK.NBC","HI-SEAK.NBC","HI-SEAK.NBC",NA
"197","z0043481","z0043481","M","Aplus",NA,"HI","SEAK.NBC","HI-SEAK.NBC","HI-SEAK.NBC",NA
"198","z0043489","z0043489","M","Aplus",NA,"HI","SEAK.NBC","HI-SEAK.NBC","HI-SEAK.NBC",NA
"199","z0043491","z0043491","F","Aplus",NA,"HI","SEAK.NBC","HI-SEAK.NBC","HI-SEAK.NBC",NA
"200","z0043493","z0043493","M","Aplus",NA,"HI","SEAK.NBC","HI-SEAK.NBC","HI-SEAK.NBC",NA
"201","z0044019","z0044019","F","Aplus",NA,"HI","SEAK.NBC","HI-SEAK.NBC","HI-SEAK.NBC",NA
"202","z0045719","z0045719","M","Aplus",NA,"HI","SEAK.NBC","HI-SEAK.NBC","HI-SEAK.NBC",NA
"203","z0045720","z0045720","F","Aplus",NA,"HI","SEAK.NBC","HI-SEAK.NBC","HI-SEAK.NBC",NA
"204","z0045733","z0045733","F","Aplus",NA,"HI","SEAK.NBC","HI-SEAK.NBC","HI-SEAK.NBC",NA
"205","z0045740","z0045740","M","Aplus",NA,"HI","SEAK.NBC","HI-SEAK.NBC","HI-SEAK.NBC",NA
"206","z0045742","z0045742","F","Aplus",NA,"HI","SEAK.NBC","HI-SEAK.NBC","HI-SEAK.NBC",NA
"207","z0040357","z0040357","M","E2",NA,"HI","SEAK.NBC","HI-SEAK.NBC","HI-SEAK.NBC",NA
"208","z0040439","z0040439","M","E2",NA,"HI","SEAK.NBC","HI-SEAK.NBC","HI-SEAK.NBC",NA
"209","z0043504","z0043504","M","E2",NA,"HI","SEAK.NBC","HI-SEAK.NBC","HI-SEAK.NBC",NA
"210","207778","z0207778","F","Aminus",NA,"HI","WA.SBC","HI-WA.SBC","HI-other",NA
"211","z0175378","z0175378","M","Aminus",NA,"HI","WA.SBC","HI-WA.SBC","HI-other",NA
"212","z0187885","z0187885","F","Aminus",NA,"HI","WA.SBC","HI-WA.SBC","HI-other",NA
"213","z0195655","z0195655","F","Aminus",NA,"HI","WA.SBC","HI-WA.SBC","HI-other",NA
"214","z0051888","z0051888","M","Aplus",NA,"HI","WA.SBC","HI-WA.SBC","HI-other",NA
"215","z0195688","z0195688","F","Aplus",NA,"HI","WA.SBC","HI-WA.SBC","HI-other",NA
"216","z0196855","z0196855","M","Aplus",NA,"HI","WA.SBC","HI-WA.SBC","HI-other",NA
"217","z0196857","z0196857","M","Aplus",NA,"HI","WA.SBC","HI-WA.SBC","HI-other",NA
"218","z0196852","z0196852","F","F2",NA,"HI","WA.SBC","HI-WA.SBC","HI-other",NA
"219","z0196828","z0196828","F","F3",NA,"HI","WA.SBC","HI-WA.SBC","HI-other",NA
"220","z0041519","z0041519","M","Aplus",NA,"HI/MnMx","SEAK.NBC","HI/MnMx-SEAK.NBC",NA,"MnMx"
"221","z0056095","z0056095","F","Aminus",NA,"MnMx",NA,NA,NA,"MnMx"
"222","z0056056","z0056056","M","Aplus",NA,"MnMx",NA,NA,NA,"MnMx"
"223","z0056062","z0056062","M","Aplus",NA,"MnMx",NA,NA,NA,"MnMx"
"224","z0056069","z0056069","M","Aplus",NA,"MnMx",NA,NA,NA,"MnMx"
"225","z0056059","z0056059","M","E1",NA,"MnMx",NA,NA,NA,"MnMx"
"226","z0056064","z0056064","M","E1",NA,"MnMx",NA,NA,NA,"MnMx"
"227","z0056076","z0056076","M","E1",NA,"MnMx",NA,NA,NA,"MnMx"
"228","z0056085","z0056085","F","E1",NA,"MnMx",NA,NA,NA,"MnMx"
"229","z0056092","z0056092","M","E3",NA,"MnMx",NA,NA,NA,"MnMx"
"230","z0056073","z0056073","F","E5",NA,"MnMx",NA,NA,NA,"MnMx"
"231","z0056079","z0056079","F","E6",NA,"MnMx",NA,NA,NA,"MnMx"
"232","z0056103","z0056103","M","E6",NA,"MnMx",NA,NA,NA,"MnMx"
"233","z0056058","z0056058","M","F2",NA,"MnMx",NA,NA,NA,"MnMx"
"234","z0056065","z0056065","M","F2",NA,"MnMx",NA,NA,NA,"MnMx"
"235","z0056063","z0056063","M","F6",NA,"MnMx",NA,NA,NA,"MnMx"
"236","z0045371","z0045371","F","A3","MnMito01","MnMx","CA.OR.WA","MnMx-CA.OR.WA",NA,"MnMx-CA.OR.WA"
"237","z0051431","z0051431","M","A3","MnMito01","MnMx","CA.OR.WA","MnMx-CA.OR.WA",NA,"MnMx-CA.OR.WA"
"238","z0196856","z0196856","M","Aminus",NA,"MnMx","CA.OR.WA","MnMx-CA.OR.WA",NA,"MnMx-CA.OR.WA"
"239","z0016577","z0016577","F","Aplus","MnMito03","MnMx","CA.OR.WA","MnMx-CA.OR.WA",NA,"MnMx-CA.OR.WA"
"240","z0016579","z0016579","M","Aplus","MnMito03","MnMx","CA.OR.WA","MnMx-CA.OR.WA",NA,"MnMx-CA.OR.WA"
"241","z0029860","z0029860","M","Aplus","MnMito06","MnMx","CA.OR.WA","MnMx-CA.OR.WA",NA,"MnMx-CA.OR.WA"
"242","z0051885","z0051885","M","Aplus","MnMito04","MnMx","CA.OR.WA","MnMx-CA.OR.WA",NA,"MnMx-CA.OR.WA"
"243","z0053054","z0053054","F","Aplus","MnMito03","MnMx","CA.OR.WA","MnMx-CA.OR.WA",NA,"MnMx-CA.OR.WA"
"244","z0101181","z0197663","M","Aplus",NA,NA,NA,NA,NA,NA
"245","z0195704","z0195704","F","Aplus",NA,"MnMx","CA.OR.WA","MnMx-CA.OR.WA",NA,"MnMx-CA.OR.WA"
"246","z0195705","z0195705","M","Aplus",NA,"MnMx","CA.OR.WA","MnMx-CA.OR.WA",NA,"MnMx-CA.OR.WA"
"247","z0195740","z0195740","M","Aplus",NA,"MnMx","CA.OR.WA","MnMx-CA.OR.WA",NA,"MnMx-CA.OR.WA"
"248","z0197669","z0197669","M","Aplus",NA,"MnMx","CA.OR.WA","MnMx-CA.OR.WA",NA,"MnMx-CA.OR.WA"
"249","z0029828","z0029828","F","E1",NA,"MnMx","CA.OR.WA","MnMx-CA.OR.WA",NA,"MnMx-CA.OR.WA"
"250","z0045399","z0045399","M","E1","MnMito14","MnMx","CA.OR.WA","MnMx-CA.OR.WA",NA,"MnMx-CA.OR.WA"
"251","z0045793","z0045793","M","E1","MnMito08","MnMx","CA.OR.WA","MnMx-CA.OR.WA",NA,"MnMx-CA.OR.WA"
"252","z0053051","z0053051","M","E1",NA,"MnMx","CA.OR.WA","MnMx-CA.OR.WA",NA,"MnMx-CA.OR.WA"
"253","z0005758","z0005758","M","E1_E11","MnMito13N","MnMx","CA.OR.WA","MnMx-CA.OR.WA",NA,"MnMx-CA.OR.WA"
"254","z0187882","z0196713","M","E1_E11",NA,NA,NA,NA,NA,NA
"255","z0195701","z0195701","F","E1_E11",NA,"MnMx","CA.OR.WA","MnMx-CA.OR.WA",NA,"MnMx-CA.OR.WA"
"256","z0195737","z0195737","M","E1_E11",NA,"MnMx","CA.OR.WA","MnMx-CA.OR.WA",NA,"MnMx-CA.OR.WA"
"257","z0196715","z0196715","F","E1_E11",NA,"MnMx","CA.OR.WA","MnMx-CA.OR.WA",NA,"MnMx-CA.OR.WA"
"258","z0196719","z0196719","M","E1_E11",NA,"MnMx","CA.OR.WA","MnMx-CA.OR.WA",NA,"MnMx-CA.OR.WA"
"259","z0196724","z0196724","F","E1_E11",NA,"MnMx","CA.OR.WA","MnMx-CA.OR.WA",NA,"MnMx-CA.OR.WA"
"260","z0196725","z0196725","F","E1_E11",NA,"MnMx","CA.OR.WA","MnMx-CA.OR.WA",NA,"MnMx-CA.OR.WA"
"261","z0196739","z0196739","M","E1_E11",NA,"MnMx","CA.OR.WA","MnMx-CA.OR.WA",NA,"MnMx-CA.OR.WA"
"262","z0196751","z0196751","F","E1_E11",NA,"MnMx","CA.OR.WA","MnMx-CA.OR.WA",NA,"MnMx-CA.OR.WA"
"263","z0196763","z0196763","F","E1_E11",NA,"MnMx","CA.OR.WA","MnMx-CA.OR.WA",NA,"MnMx-CA.OR.WA"
"264","z0196764","z0196764","F","E1_E11",NA,"MnMx","CA.OR.WA","MnMx-CA.OR.WA",NA,"MnMx-CA.OR.WA"
"265","z0196824","z0196824","M","E1_E11",NA,"MnMx","CA.OR.WA","MnMx-CA.OR.WA",NA,"MnMx-CA.OR.WA"
"266","z0196841","z0196841","M","E1_E11",NA,"MnMx","CA.OR.WA","MnMx-CA.OR.WA",NA,"MnMx-CA.OR.WA"
"267","z0196843","z0196843","M","E1_E11",NA,"MnMx","CA.OR.WA","MnMx-CA.OR.WA",NA,"MnMx-CA.OR.WA"
"268","z0061969","z0061969","M","E10","MnMito15","MnMx","CA.OR.WA","MnMx-CA.OR.WA",NA,"MnMx-CA.OR.WA"
"269","z0195691","z0195691","M","E10",NA,"MnMx","CA.OR.WA","MnMx-CA.OR.WA",NA,"MnMx-CA.OR.WA"
"270","z0068471","z0068471","M","E13","z0068471","MnMx","CA.OR.WA","MnMx-CA.OR.WA",NA,"MnMx-CA.OR.WA"
"271","z0196740","z0196740","F","E13",NA,"MnMx","CA.OR.WA","MnMx-CA.OR.WA",NA,"MnMx-CA.OR.WA"
"272","z0196829","z0196829","M","E13",NA,"MnMx","CA.OR.WA","MnMx-CA.OR.WA",NA,"MnMx-CA.OR.WA"
"273","z0197672","z0197672","M","E15",NA,"MnMx","CA.OR.WA","MnMx-CA.OR.WA",NA,"MnMx-CA.OR.WA"
"274","z0037607","z0037607","M","E2","MnMito20N","MnMx","CA.OR.WA","MnMx-CA.OR.WA",NA,"MnMx-CA.OR.WA"
"275","z0196864","z0196864","M","E2",NA,"MnMx","CA.OR.WA","MnMx-CA.OR.WA",NA,"MnMx-CA.OR.WA"
"276","z0197668","z0197668","F","E3",NA,"MnMx","CA.OR.WA","MnMx-CA.OR.WA",NA,"MnMx-CA.OR.WA"
"277","z0051327","z0051327","M","E4","MnMito51","MnMx","CA.OR.WA","MnMx-CA.OR.WA",NA,"MnMx-CA.OR.WA"
"278","z0051400","z0051400","M","E4","MnMito22","MnMx","CA.OR.WA","MnMx-CA.OR.WA",NA,"MnMx-CA.OR.WA"
"279","z0051875","z0051875","F","E4","MnMito22","MnMx","CA.OR.WA","MnMx-CA.OR.WA",NA,"MnMx-CA.OR.WA"
"280","z0051918","z0051918","F","E4","MnMito22","MnMx","CA.OR.WA","MnMx-CA.OR.WA",NA,"MnMx-CA.OR.WA"
"281","z0051939","z0051939","F","E4",NA,"MnMx","CA.OR.WA","MnMx-CA.OR.WA",NA,"MnMx-CA.OR.WA"
"282","z0187851","z0195724","M","E4",NA,NA,NA,NA,NA,NA
"283","z0195663","z0195663","M","E4",NA,"MnMx","CA.OR.WA","MnMx-CA.OR.WA",NA,"MnMx-CA.OR.WA"
"284","z0195687","z0195687","F","E4",NA,"MnMx","CA.OR.WA","MnMx-CA.OR.WA",NA,"MnMx-CA.OR.WA"
"285","z0195725","z0195725","M","E4",NA,"MnMx","CA.OR.WA","MnMx-CA.OR.WA",NA,"MnMx-CA.OR.WA"
"286","z0037609","z0037609","M","E5","MnMito23","MnMx","CA.OR.WA","MnMx-CA.OR.WA",NA,"MnMx-CA.OR.WA"
"287","z0045407","z0045407","F","E5","MnMito51","MnMx","CA.OR.WA","MnMx-CA.OR.WA",NA,"MnMx-CA.OR.WA"
"288","z0196734","z0196734","M","E5",NA,"MnMx","CA.OR.WA","MnMx-CA.OR.WA",NA,"MnMx-CA.OR.WA"
"289","z0045405","z0045405","M","E6","MnMito25","MnMx","CA.OR.WA","MnMx-CA.OR.WA",NA,"MnMx-CA.OR.WA"
"290","z0195711","z0195711","M","E6",NA,"MnMx","CA.OR.WA","MnMx-CA.OR.WA",NA,"MnMx-CA.OR.WA"
"291","z0195784","z0195784","M","E6",NA,"MnMx","CA.OR.WA","MnMx-CA.OR.WA",NA,"MnMx-CA.OR.WA"
"292","z0029865","z0029865","M","E7","MnMito26","MnMx","CA.OR.WA","MnMx-CA.OR.WA",NA,"MnMx-CA.OR.WA"
"293","z0051959","z0051959","F","E7",NA,"MnMx","CA.OR.WA","MnMx-CA.OR.WA",NA,"MnMx-CA.OR.WA"
"294","z0195718","z0195718","M","E7",NA,"MnMx","CA.OR.WA","MnMx-CA.OR.WA",NA,"MnMx-CA.OR.WA"
"295","z0195762","z0195762","F","E7",NA,"MnMx","CA.OR.WA","MnMx-CA.OR.WA",NA,"MnMx-CA.OR.WA"
"296","z0196894","z0196894","F","E7",NA,"MnMx","CA.OR.WA","MnMx-CA.OR.WA",NA,"MnMx-CA.OR.WA"
"297","z0045398","z0045398","M","F1","MnMito28N","MnMx","CA.OR.WA","MnMx-CA.OR.WA",NA,"MnMx-CA.OR.WA"
"298","z0045404","z0045404","F","F1",NA,"MnMx","CA.OR.WA","MnMx-CA.OR.WA",NA,"MnMx-CA.OR.WA"
"299","z0195683","z0195683","M","F1",NA,"MnMx","CA.OR.WA","MnMx-CA.OR.WA",NA,"MnMx-CA.OR.WA"
"300","z0195732","z0195732","F","F1",NA,"MnMx","CA.OR.WA","MnMx-CA.OR.WA",NA,"MnMx-CA.OR.WA"
"301","z0196729","z0196729","M","F1",NA,"MnMx","CA.OR.WA","MnMx-CA.OR.WA",NA,"MnMx-CA.OR.WA"
"302","z0005757","z0005757","F","F2","MnMito32","MnMx","CA.OR.WA","MnMx-CA.OR.WA",NA,"MnMx-CA.OR.WA"
"303","z0045326","z0045326","M","F2","MnMito34","MnMx","CA.OR.WA","MnMx-CA.OR.WA",NA,"MnMx-CA.OR.WA"
"304","z0045347","z0045347","M","F2","MnMito29","MnMx","CA.OR.WA","MnMx-CA.OR.WA",NA,"MnMx-CA.OR.WA"
"305","z0051895","z0051895","M","F2","MnMito34","MnMx","CA.OR.WA","MnMx-CA.OR.WA",NA,"MnMx-CA.OR.WA"
"306","z0061967","z0061967","M","F2","MnMito29","MnMx","CA.OR.WA","MnMx-CA.OR.WA",NA,"MnMx-CA.OR.WA"
"307","z0066166","z0066166","M","F2","MnMito29","MnMx","CA.OR.WA","MnMx-CA.OR.WA",NA,"MnMx-CA.OR.WA"
"308","z0107099","z0107099","F","F2",NA,"MnMx","CA.OR.WA","MnMx-CA.OR.WA",NA,"MnMx-CA.OR.WA"
"309","z0187847","z0195731","M","F2",NA,NA,NA,NA,NA,NA
"310","z0195699","z0195699","M","F2",NA,"MnMx","CA.OR.WA","MnMx-CA.OR.WA",NA,"MnMx-CA.OR.WA"
"311","z0195702","z0195702","F","F2",NA,"MnMx","CA.OR.WA","MnMx-CA.OR.WA",NA,"MnMx-CA.OR.WA"
"312","z0195716","z0195716","M","F2",NA,"MnMx","CA.OR.WA","MnMx-CA.OR.WA",NA,"MnMx-CA.OR.WA"
"313","z0195728","z0195728","F","F2",NA,"MnMx","CA.OR.WA","MnMx-CA.OR.WA",NA,"MnMx-CA.OR.WA"
"314","z0195751","z0195751","F","F2",NA,"MnMx","CA.OR.WA","MnMx-CA.OR.WA",NA,"MnMx-CA.OR.WA"
"315","z0108528","z0195767","M","F2",NA,"MnMx","CA.OR.WA","MnMx-CA.OR.WA",NA,"MnMx-CA.OR.WA"
"316","z0196710","z0196710","F","F2",NA,"MnMx","CA.OR.WA","MnMx-CA.OR.WA",NA,"MnMx-CA.OR.WA"
"317","z0196731","z0196731","F","F2",NA,"MnMx","CA.OR.WA","MnMx-CA.OR.WA",NA,"MnMx-CA.OR.WA"
"318","z0196752","z0196752","F","F2",NA,"MnMx","CA.OR.WA","MnMx-CA.OR.WA",NA,"MnMx-CA.OR.WA"
"319","z0196754","z0196754","M","F2",NA,"MnMx","CA.OR.WA","MnMx-CA.OR.WA",NA,"MnMx-CA.OR.WA"
"320","z0196766","z0196766","M","F2",NA,"MnMx","CA.OR.WA","MnMx-CA.OR.WA",NA,"MnMx-CA.OR.WA"
"321","z0196769","z0196769","M","F2",NA,"MnMx","CA.OR.WA","MnMx-CA.OR.WA",NA,"MnMx-CA.OR.WA"
"322","z0196774","z0196774","F","F2",NA,"MnMx","CA.OR.WA","MnMx-CA.OR.WA",NA,"MnMx-CA.OR.WA"
"323","z0196809","z0196809","F","F2",NA,"MnMx","CA.OR.WA","MnMx-CA.OR.WA",NA,"MnMx-CA.OR.WA"
"324","z0196825","z0196825","F","F2",NA,"MnMx","CA.OR.WA","MnMx-CA.OR.WA",NA,"MnMx-CA.OR.WA"
"325","z0196835","z0196835","F","F2",NA,"MnMx","CA.OR.WA","MnMx-CA.OR.WA",NA,"MnMx-CA.OR.WA"
"326","z0196849","z0196849","F","F2",NA,"MnMx","CA.OR.WA","MnMx-CA.OR.WA",NA,"MnMx-CA.OR.WA"
"327","z0196834","z0196834","M","F6",NA,"MnMx","CA.OR.WA","MnMx-CA.OR.WA",NA,"MnMx-CA.OR.WA"
"328","z0175371","z0175371","F","Mnov_1_E4","MnMito51","MnMx","CA.OR.WA","MnMx-CA.OR.WA",NA,"MnMx-CA.OR.WA"
"329","z0040513","z0040513","M","Aminus",NA,"MnMx","SEAK.NBC","MnMx-SEAK.NBC",NA,"MnMx"
"330","z0146087","z0146087","F","Aplus",NA,NA,NA,NA,NA,NA
"331","z0041526","z0041526","M","Aminus",NA,"MnMx","SEAK.NBC","MnMx-SEAK.NBC",NA,"MnMx"
"332","z0043994","z0043994","M","Aminus",NA,"MnMx","SEAK.NBC","MnMx-SEAK.NBC",NA,"MnMx"
"333","z0053082","z0053082","F","Aminus",NA,"MnMx","SEAK.NBC","MnMx-SEAK.NBC",NA,"MnMx"
"334","z0046925","z0046925","M","Aminus",NA,NA,NA,NA,NA,NA
"335","z0043475","z0043475","M","Aplus",NA,"MnMx","SEAK.NBC","MnMx-SEAK.NBC",NA,"MnMx"
"336","z0045776","z0045776","M","Aplus",NA,"MnMx","SEAK.NBC","MnMx-SEAK.NBC",NA,"MnMx"
"337","z0053090","z0053090","M","Aplus",NA,"MnMx","SEAK.NBC","MnMx-SEAK.NBC",NA,"MnMx"
"338","z0053111","z0053111","M","Aplus",NA,"MnMx","SEAK.NBC","MnMx-SEAK.NBC",NA,"MnMx"
"339","z0061527","z0061527","M","Aplus",NA,"MnMx","SEAK.NBC","MnMx-SEAK.NBC",NA,"MnMx"
"340","z0113628","z0113628","F","Aplus",NA,"MnMx","SEAK.NBC","MnMx-SEAK.NBC",NA,"MnMx"
"341","z0053078","z0053078","M","F2",NA,"MnMx","SEAK.NBC","MnMx-SEAK.NBC",NA,"MnMx"
"342","z0196743","z0196743","M","A3",NA,NA,"CA.OR.WA",NA,NA,NA
"343","z0195258","z0195258","F","Aminus",NA,NA,"CA.OR.WA",NA,NA,NA
"344","z0195647","z0195647","M","Aminus",NA,NA,"CA.OR.WA",NA,NA,NA
"345","z0195648","z0195648","M","Aminus",NA,NA,"CA.OR.WA",NA,NA,NA
"346","z0195659","z0195659","M","Aminus",NA,NA,"CA.OR.WA",NA,NA,NA
"347","z0195667","z0195667","M","Aminus",NA,NA,"CA.OR.WA",NA,NA,NA
"348","z0195668","z0195668","F","Aminus",NA,NA,"CA.OR.WA",NA,NA,NA
"349","z0195670","z0195670","F","Aminus",NA,NA,"CA.OR.WA",NA,NA,NA
"350","z0195675","z0195675","M","Aminus",NA,NA,"CA.OR.WA",NA,NA,NA
"351","z0195776","z0195776","F","Aminus",NA,NA,"CA.OR.WA",NA,NA,NA
"352","z0195777","z0195777","F","Aminus",NA,NA,"CA.OR.WA",NA,NA,NA
"353","z0196755","z0196755","F","Aminus",NA,NA,"CA.OR.WA",NA,NA,NA
"354","z0196858","z0196858","M","Aminus",NA,NA,"CA.OR.WA",NA,NA,NA
"355","z0196859","z0196859","F","Aminus",NA,NA,"CA.OR.WA",NA,NA,NA
"356","z0196862","z0196862","M","Aminus",NA,NA,"CA.OR.WA",NA,NA,NA
"357","z0196865","z0196865","M","Aminus",NA,NA,"CA.OR.WA",NA,NA,NA
"358","z0196886","z0196886","M","Aminus",NA,NA,"CA.OR.WA",NA,NA,NA
"359","z0197659","z0197659","M","Aminus",NA,NA,"CA.OR.WA",NA,NA,NA
"360","z0197660","z0197660","M","Aminus",NA,NA,"CA.OR.WA",NA,NA,NA
"361","z0197671","z0197671","M","Aminus",NA,NA,"CA.OR.WA",NA,NA,NA
"362","z0197673","z0197673","M","Aminus",NA,NA,"CA.OR.WA",NA,NA,NA
"363","z0195643","z0195643","F","Aplus",NA,NA,"CA.OR.WA",NA,NA,NA
"364","z0195644","z0195644","M","Aplus",NA,NA,"CA.OR.WA",NA,NA,NA
"365","z0195651","z0195651","M","Aplus",NA,NA,"CA.OR.WA",NA,NA,NA
"366","z0195653","z0195653","M","Aplus",NA,NA,"CA.OR.WA",NA,NA,NA
"367","z0195657","z0195657","M","Aplus",NA,NA,"CA.OR.WA",NA,NA,NA
"368","z0195664","z0195664","F","Aplus",NA,NA,"CA.OR.WA",NA,NA,NA
"369","z0195671","z0195671","F","Aplus",NA,NA,"CA.OR.WA",NA,NA,NA
"370","z0195677","z0195677","M","Aplus",NA,NA,"CA.OR.WA",NA,NA,NA
"371","z0195678","z0195678","M","Aplus",NA,NA,"CA.OR.WA",NA,NA,NA
"372","z0195684","z0195684","M","Aplus",NA,NA,"CA.OR.WA",NA,NA,NA
"373","z0195689","z0195689","F","Aplus",NA,NA,"CA.OR.WA",NA,NA,NA
"374","z0195696","z0195696","M","Aplus",NA,NA,"CA.OR.WA",NA,NA,NA
"375","z0195697","z0195697","F","Aplus",NA,NA,"CA.OR.WA",NA,NA,NA
"376","z0195703","z0195703","F","Aplus",NA,NA,"CA.OR.WA",NA,NA,NA
"377","z0195707","z0195707","M","Aplus",NA,NA,"CA.OR.WA",NA,NA,NA
"378","z0195720","z0195720","F","Aplus",NA,NA,"CA.OR.WA",NA,NA,NA
"379","z0195729","z0195729","F","Aplus",NA,NA,"CA.OR.WA",NA,NA,NA
"380","z0195738","z0195738","M","Aplus",NA,NA,"CA.OR.WA",NA,NA,NA
"381","z0195741","z0195741","M","Aplus",NA,NA,"CA.OR.WA",NA,NA,NA
"382","z0195748","z0195748","M","Aplus",NA,NA,"CA.OR.WA",NA,NA,NA
"383","z0195755","z0195755","F","Aplus",NA,NA,"CA.OR.WA",NA,NA,NA
"384","z0195771","z0195771","M","Aplus",NA,NA,"CA.OR.WA",NA,NA,NA
"385","z0195772","z0195772","M","Aplus",NA,NA,"CA.OR.WA",NA,NA,NA
"386","z0196721","z0196721","M","Aplus",NA,NA,"CA.OR.WA",NA,NA,NA
"387","z0196742","z0196742","M","Aplus",NA,NA,"CA.OR.WA",NA,NA,NA
"388","z0196748","z0196748","M","Aplus",NA,NA,"CA.OR.WA",NA,NA,NA
"389","z0196773","z0196773","F","Aplus",NA,NA,"CA.OR.WA",NA,NA,NA
"390","z0196854","z0196854","F","Aplus",NA,NA,"CA.OR.WA",NA,NA,NA
"391","z0196861","z0196861","F","Aplus",NA,NA,"CA.OR.WA",NA,NA,NA
"392","z0196892","z0196892","F","Aplus",NA,NA,"CA.OR.WA",NA,NA,NA
"393","z0196895","z0196895","F","Aplus",NA,NA,"CA.OR.WA",NA,NA,NA
"394","z0175950","z0175950","F","E1","MnMito10",NA,NA,NA,NA,NA
"395","z0195672","z0195672","F","E1_E11",NA,NA,"CA.OR.WA",NA,NA,NA
"396","z0195709","z0195709","F","E1_E11",NA,NA,"CA.OR.WA",NA,NA,NA
"397","z0195710","z0195710","F","E1_E11",NA,NA,"CA.OR.WA",NA,NA,NA
"398","z0195773","z0195773","M","E1_E11",NA,NA,"CA.OR.WA",NA,NA,NA
"399","z0195782","z0195782","M","E1_E11",NA,NA,"CA.OR.WA",NA,NA,NA
"400","z0196709","z0196709","M","E1_E11",NA,NA,"CA.OR.WA",NA,NA,NA
"401","z0196714","z0196714","M","E1_E11",NA,NA,"CA.OR.WA",NA,NA,NA
"402","z0196718","z0196718","F","E1_E11",NA,NA,"CA.OR.WA",NA,NA,NA
"403","z0196726","z0196726","F","E1_E11",NA,NA,"CA.OR.WA",NA,NA,NA
"404","z0196727","z0196727","M","E1_E11",NA,NA,"CA.OR.WA",NA,NA,NA
"405","z0196728","z0196728","F","E1_E11",NA,NA,"CA.OR.WA",NA,NA,NA
"406","z0196737","z0196737","F","E1_E11",NA,NA,"CA.OR.WA",NA,NA,NA
"407","z0196741","z0196741","M","E1_E11",NA,NA,"CA.OR.WA",NA,NA,NA
"408","z0196750","z0196750","F","E1_E11",NA,NA,"CA.OR.WA",NA,NA,NA
"409","z0196756","z0196756","F","E1_E11",NA,NA,"CA.OR.WA",NA,NA,NA
"410","z0196761","z0196761","M","E1_E11",NA,NA,"CA.OR.WA",NA,NA,NA
"411","z0196762","z0196762","F","E1_E11",NA,NA,"CA.OR.WA",NA,NA,NA
"412","z0196777","z0196777","M","E1_E11",NA,NA,"CA.OR.WA",NA,NA,NA
"413","z0196805","z0196805","F","E1_E11",NA,NA,"CA.OR.WA",NA,NA,NA
"414","z0196812","z0196812","M","E1_E11",NA,NA,"CA.OR.WA",NA,NA,NA
"415","z0196830","z0196830","F","E1_E11",NA,NA,"CA.OR.WA",NA,NA,NA
"416","z0196833","z0196833","M","E1_E11",NA,NA,"CA.OR.WA",NA,NA,NA
"417","z0196839","z0196839","F","E1_E11",NA,NA,"CA.OR.WA",NA,NA,NA
"418","z0196848","z0196848","M","E1_E11",NA,NA,"CA.OR.WA",NA,NA,NA
"419","z0196850","z0196850","M","E1_E11",NA,NA,"CA.OR.WA",NA,NA,NA
"420","z0195733","z0195733","F","E10",NA,NA,"CA.OR.WA",NA,NA,NA
"421","z0195736","z0195736","M","E13",NA,NA,"CA.OR.WA",NA,NA,NA
"422","z0195742","z0195742","F","E13",NA,NA,"CA.OR.WA",NA,NA,NA
"423","z0196887","z0196887","F","E13",NA,NA,"CA.OR.WA",NA,NA,NA
"424","z0195730","z0195730","F","E15",NA,NA,"CA.OR.WA",NA,NA,NA
"425","z0196749","z0196749","M","E15",NA,NA,"CA.OR.WA",NA,NA,NA
"426","z0195650","z0195650","F","E2",NA,NA,"CA.OR.WA",NA,NA,NA
"427","z0195693","z0195693","M","E2",NA,NA,"CA.OR.WA",NA,NA,NA
"428","z0196707","z0196707","F","E3",NA,NA,"CA.OR.WA",NA,NA,NA
"429","z0045352","z0045352","F","E4","MnMito22",NA,NA,NA,NA,NA
"430","z0195673","z0195673","F","E4",NA,NA,"CA.OR.WA",NA,NA,NA
"431","z0195682","z0195682","F","E4",NA,NA,"CA.OR.WA",NA,NA,NA
"432","z0196860","z0196860","M","E4",NA,NA,"CA.OR.WA",NA,NA,NA
"433","z0196738","z0196738","M","E5",NA,NA,"CA.OR.WA",NA,NA,NA
"434","z0196757","z0196757","F","E5",NA,NA,"CA.OR.WA",NA,NA,NA
"435","z0196800","z0196800","M","E5",NA,NA,"CA.OR.WA",NA,NA,NA
"436","z0196831","z0196831","F","E5",NA,NA,"CA.OR.WA",NA,NA,NA
"437","z0197679","z0197679","M","E5",NA,NA,"CA.OR.WA",NA,NA,NA
"438","z0195713","z0195713","F","E6",NA,NA,"CA.OR.WA",NA,NA,NA
"439","z0195739","z0195739","M","E6",NA,NA,"CA.OR.WA",NA,NA,NA
"440","z0196768","z0196768","M","E6",NA,NA,"CA.OR.WA",NA,NA,NA
"441","z0196723","z0196723","F","E7",NA,NA,"CA.OR.WA",NA,NA,NA
"442","z0196778","z0196778","M","E7",NA,NA,"CA.OR.WA",NA,NA,NA
"443","z0195706","z0195706","M","E8",NA,NA,"CA.OR.WA",NA,NA,NA
"444","z0196747","z0196747","M","F1",NA,NA,"CA.OR.WA",NA,NA,NA
"445","z0196891","z0196891","M","F1",NA,NA,"CA.OR.WA",NA,NA,NA
"446","z0195712","z0195712","M","F2",NA,NA,"CA.OR.WA",NA,NA,NA
"447","z0195714","z0195714","M","F2",NA,NA,"CA.OR.WA",NA,NA,NA
"448","z0195717","z0195717","F","F2",NA,NA,"CA.OR.WA",NA,NA,NA
"449","z0195722","z0195722","F","F2",NA,NA,"CA.OR.WA",NA,NA,NA
"450","z0195727","z0195727","M","F2",NA,NA,"CA.OR.WA",NA,NA,NA
"451","z0195735","z0195735","M","F2",NA,NA,"CA.OR.WA",NA,NA,NA
"452","z0195743","z0195743","M","F2",NA,NA,"CA.OR.WA",NA,NA,NA
"453","z0195756","z0195756","M","F2",NA,NA,"CA.OR.WA",NA,NA,NA
"454","z0195778","z0195778","F","F2",NA,NA,"CA.OR.WA",NA,NA,NA
"455","z0195791","z0195791","F","F2",NA,NA,"CA.OR.WA",NA,NA,NA
"456","z0196708","z0196708","M","F2",NA,NA,"CA.OR.WA",NA,NA,NA
"457","z0196711","z0196711","M","F2",NA,NA,"CA.OR.WA",NA,NA,NA
"458","z0196722","z0196722","F","F2",NA,NA,"CA.OR.WA",NA,NA,NA
"459","z0196732","z0196732","F","F2",NA,NA,"CA.OR.WA",NA,NA,NA
"460","z0196759","z0196759","M","F2",NA,NA,"CA.OR.WA",NA,NA,NA
"461","z0196765","z0196765","M","F2",NA,NA,"CA.OR.WA",NA,NA,NA
"462","z0196767","z0196767","M","F2",NA,NA,"CA.OR.WA",NA,NA,NA
"463","z0196770","z0196770","M","F2",NA,NA,"CA.OR.WA",NA,NA,NA
"464","z0196772","z0196772","F","F2",NA,NA,"CA.OR.WA",NA,NA,NA
"465","z0196775","z0196775","M","F2",NA,NA,"CA.OR.WA",NA,NA,NA
"466","z0196781","z0196781","M","F2",NA,NA,"CA.OR.WA",NA,NA,NA
"467","z0196793","z0196793","M","F2",NA,NA,"CA.OR.WA",NA,NA,NA
"468","z0196806","z0196806","F","F2",NA,NA,"CA.OR.WA",NA,NA,NA
"469","z0196826","z0196826","M","F2",NA,NA,"CA.OR.WA",NA,NA,NA
"470","z0196832","z0196832","F","F2",NA,NA,"CA.OR.WA",NA,NA,NA
"471","z0196842","z0196842","F","F2",NA,NA,"CA.OR.WA",NA,NA,NA
"472","z0196844","z0196844","F","F2",NA,NA,"CA.OR.WA",NA,NA,NA
"473","z0196845","z0196845","M","F2",NA,NA,"CA.OR.WA",NA,NA,NA
"474","z0196846","z0196846","F","F2",NA,NA,"CA.OR.WA",NA,NA,NA
"475","z0196847","z0196847","F","F2",NA,NA,"CA.OR.WA",NA,NA,NA
"476","z0196851","z0196851","F","F2",NA,NA,"CA.OR.WA",NA,NA,NA
"477","z0196863","z0196863","M","F2",NA,NA,"CA.OR.WA",NA,NA,NA
"478","z0197667","z0197667","F","F2",NA,NA,"CA.OR.WA",NA,NA,NA
"479","z0049019","z0049019","M","F3","MnMito41",NA,NA,NA,NA,NA
"480","z0049020","z0049020","M","F6","MnMito43",NA,NA,NA,NA,NA
"481","z0196744","z0196744","F","F6",NA,NA,"CA.OR.WA",NA,NA,NA
"482","z0195708","z0195708","M","Mnov_2_E6",NA,NA,"CA.OR.WA",NA,NA,NA
"483","z0051808","z0063092","M","E1",NA,"OG","Rus","OG-Rus",NA,NA
"484","z0055996","z0055996","M","A3",NA,"Rev",NA,NA,NA,NA
"485","z0012702","z0012702","M","Aminus","MnMito02","Rev","WA.SBC","Rev-WA.SBC",NA,NA
"486","z0055997","z0055997","M","Aminus",NA,"Rev",NA,NA,NA,NA
"487","z0056034","z0056034","M","E1",NA,"Rev",NA,NA,NA,NA
"488","z0055962","z0055962","M","Aplus",NA,"Rev","Al.Ber","Rev-Al.Ber",NA,NA
"489","z0055903","z0055903","F","E3",NA,"Rev","Al.Ber","Rev-Al.Ber",NA,NA
"490","z0043839","z0043839","F","F2",NA,NA,NA,NA,NA,NA
"491","z0055986","z0055986","F","Aminus",NA,"Rev",NA,NA,NA,NA
"492","z0055963","z0055963","M","Aplus",NA,"Rev",NA,NA,NA,NA
"493","z0055965","z0055965","M","Aplus",NA,"Rev",NA,NA,NA,NA
"494","z0056011","z0056011","M","Aplus",NA,"Rev",NA,NA,NA,NA
"495","z0055947","z0055947","M","E1",NA,"Rev",NA,NA,NA,NA
"496","z0055970","z0055970","M","E3",NA,"Rev",NA,NA,NA,NA
"497","z0056029","z0056029","M","E3",NA,"Rev",NA,NA,NA,NA
"498","z0055910","z0055910","M","E6",NA,"Rev",NA,NA,NA,NA
"499","z0055990","z0055990","M","E6",NA,"Rev",NA,NA,NA,NA
"500","z0043526","z0043526","M","Aminus",NA,"Rev","SEAK.NBC","Rev-SEAK.NBC",NA,NA
"501","z0052846","z0052846","F","Aplus",NA,"Rev","SEAK.NBC","Rev-SEAK.NBC",NA,NA
"502","z0043650","z0043650","M","A3",NA,NA,NA,NA,NA,NA
"503","z0055944","z0055944","M","A3",NA,"Rev","GOA","Rev-GOA",NA,NA
"504","z0055977","z0055977","M","A3",NA,"Rev","GOA","Rev-GOA",NA,NA
"505","z0055931","z0055931","M","Aminus",NA,"Rev","GOA","Rev-GOA",NA,NA
"506","z0055971","z0055971","F","Aplus",NA,"Rev","GOA","Rev-GOA",NA,NA
"507","z0043891","z0043891","F","E1",NA,"Rev","GOA","Rev-GOA",NA,NA
"508","z0055916","z0055916","F","E1",NA,"Rev","GOA","Rev-GOA",NA,NA
"509","z0055999","z0055999","M","E1",NA,"Rev","GOA","Rev-GOA",NA,NA
"510","z0055912","z0055912","M","E3",NA,"Rev","GOA","Rev-GOA",NA,NA
"511","z0043674","z0043674","F","E9",NA,"Rev","GOA","Rev-GOA",NA,NA
"512","z0055998","z0055998","F","F2",NA,"Rev","GOA","Rev-GOA",NA,NA
"513","z0196686","z0196686","M","F2","MnMito18","Shem",NA,NA,NA,NA
"514","z0196687","z0196687","M","F2","MnMito18","Shem",NA,NA,NA,NA
"515","z0196689","z0196689","M","F2","MnMito36","Shem",NA,NA,NA,NA
"516","z0196690","z0196690","F","F2","MnMito37","Shem",NA,NA,NA,NA
"517","z0075696","z0075696","F","H37","MnMito47","Shem",NA,NA,NA,NA
"518","z0196691","z0196691","M","SP90","MnMito50N","Shem",NA,NA,NA,NA
"519","z0196692","z0196692","F","SP90","MnMito48","Shem",NA,NA,NA,NA
"520","z0196693","z0196693","F","SP90","MnMito48","Shem",NA,NA,NA,NA
"521","z0196694","z0196694","F","SP90","MnMito49","Shem",NA,NA,NA,NA
"522","z0016576","z0051899","M","A3","MnMito01",NA,NA,NA,NA,NA
"523","z0175928","z0175928","F","A3",NA,"SMx","CA.OR.WA","SMx-CA.OR.WA",NA,NA
"524","z0029831","z0029831","M","Aplus","MnMito03","SMx","CA.OR.WA","SMx-CA.OR.WA",NA,NA
"525","z0051405","z0051405","M","Aplus",NA,"SMx","WA.SBC","SMx-WA.SBC",NA,NA
"526","z0051898","z0051898","M","Aplus",NA,"SMx","CA.OR.WA","SMx-CA.OR.WA",NA,NA
"527","z0175377","z0175377","M","Aplus",NA,"SMx","WA.SBC","SMx-WA.SBC",NA,NA
"528","z0187846","z0187846","M","Aplus",NA,"SMx","CA.OR.WA","SMx-CA.OR.WA",NA,NA
"529","z0029833","z0029833","M","E1","MnMito14","SMx","CA.OR.WA","SMx-CA.OR.WA",NA,NA
"530","z0045357","z0045357","M","E1","MnMito13N","SMx","CA.OR.WA","SMx-CA.OR.WA",NA,NA
"531","z0051404","z0051404","F","E1",NA,"SMx","CA.OR.WA","SMx-CA.OR.WA",NA,NA
"532","z0175915","z0175915","F","E1",NA,"SMx","CA.OR.WA","SMx-CA.OR.WA",NA,NA
"533","z0175927","z0175927","M","E1",NA,"SMx","CA.OR.WA","SMx-CA.OR.WA",NA,NA
"534","z0187842","z0187842","F","E1",NA,"SMx","CA.OR.WA","SMx-CA.OR.WA",NA,NA
"535","z0187868","z0187868","F","E1",NA,"SMx","CA.OR.WA","SMx-CA.OR.WA",NA,NA
"536","z0053055","z0053055","M","E1_E11","MnMito14","SMx","CA.OR.WA","SMx-CA.OR.WA",NA,NA
"537","z0196760","z0196760","F","E1_E11",NA,"SMx","CA.OR.WA","SMx-CA.OR.WA",NA,NA
"538","z0196823","z0196823","M","E1_E11",NA,"SMx","CA.OR.WA","SMx-CA.OR.WA",NA,NA
"539","z0197682","z0197682","M","E1_E11",NA,"SMx","CA.OR.WA","SMx-CA.OR.WA",NA,NA
"540","z0012701","z0012701","F","E10",NA,"SMx","WA.SBC","SMx-WA.SBC",NA,NA
"541","z0195700","z0195700","M","E10",NA,"SMx","CA.OR.WA","SMx-CA.OR.WA",NA,NA
"542","z0195715","z0195715","F","E10",NA,"SMx","CA.OR.WA","SMx-CA.OR.WA",NA,NA
"543","z0197664","z0197664","M","E10",NA,"SMx","CA.OR.WA","SMx-CA.OR.WA",NA,NA
"544","z0107073","z0107073","M","E13",NA,"SMx","CA.OR.WA","SMx-CA.OR.WA",NA,NA
"545","z0107067","z0178296","M","E5","MnMito23","SMx","CA.OR.WA","SMx-CA.OR.WA",NA,NA
"546","z0051402","z0051402","M","E6","MnMito25","SMx","CA.OR.WA","SMx-CA.OR.WA",NA,NA
"547","z0045329","z0045329","F","F2","MnMito29","SMx","CA.OR.WA","SMx-CA.OR.WA",NA,NA
"548","z0045358","z0045358","F","F2","MnMito29","SMx","CA.OR.WA","SMx-CA.OR.WA",NA,NA
"549","z0107055","z0107055","M","F2",NA,"SMx","CA.OR.WA","SMx-CA.OR.WA",NA,NA
"550","z0107078","z0107078","M","F2",NA,"SMx","CA.OR.WA","SMx-CA.OR.WA",NA,NA
"551","z0107080","z0107080","M","F2",NA,"SMx","CA.OR.WA","SMx-CA.OR.WA",NA,NA
"552","z0108480","z0108480","F","F2","MnMito29","SMx","CA.OR.WA","SMx-CA.OR.WA",NA,NA
"553","z0108508","z0108508","M","F2","MnMito29","SMx","CA.OR.WA","SMx-CA.OR.WA",NA,NA
"554","z0108510","z0108510","F","F2",NA,"SMx","CA.OR.WA","SMx-CA.OR.WA",NA,NA
"555","z0175953","z0197658","M","F2",NA,NA,NA,NA,NA,NA
"556","z0187811","z0187811","F","F2",NA,"SMx","CA.OR.WA","SMx-CA.OR.WA",NA,NA
"557","z0187859","z0187859","F","F2",NA,"SMx","CA.OR.WA","SMx-CA.OR.WA",NA,NA
"558","z0196753","z0196753","F","F2",NA,"SMx","CA.OR.WA","SMx-CA.OR.WA",NA,NA
"559","z0196795","z0196795","M","F2",NA,"SMx","CA.OR.WA","SMx-CA.OR.WA",NA,NA
"560","z0196822","z0196822","F","F2",NA,"SMx","CA.OR.WA","SMx-CA.OR.WA",NA,NA
"561","z0196792","z0196792","M","F3",NA,"SMx","CA.OR.WA","SMx-CA.OR.WA",NA,NA
"562","z0051968","z0051968","F","F4","MnMito42","SMx","CA.OR.WA","SMx-CA.OR.WA",NA,NA
