LABID,locus,Indiv,gt,haplo.1,haplo.2,haplo.3,haplo.4,depth.1,depth.2,depth.3,depth.4,num.haps
z0043704,Mnov_gtseq_19,z0043704.GTseq.prod,T/T,T,NA,NA,NA,13,0,0,0,1
z0043704,Mnov_gtseq_19,z0043704b.GTseq.prod,NA,C,NA,NA,NA,2,0,0,0,0
z0043704,Mnov_gtseq_19,z0043704.RunMS58,C/T,C,T,NA,NA,115,92,0,0,2
z0043704,Mnov_gtseq_190,z0043704.GTseq.prod,G/G,G,NA,NA,NA,12,0,0,0,1
z0043704,Mnov_gtseq_190,z0043704.RunMS54,NA,G,NA,NA,NA,1,0,0,0,0
z0043704,Mnov_gtseq_190,z0043704.RunMS58,C/G,C,G,A,NA,81,68,1,0,2
z0043704,Mnov_gtseq_216,z0043704.GTseq.prod,G/G,G,A,NA,NA,9,1,0,0,1
z0043704,Mnov_gtseq_216,z0043704.RunMS58,A/A,A,G,NA,NA,84,1,0,0,1
z0043704,Mnov_gtseq_268,z0043704.GTseq.prod,A/A,A,T,NA,NA,11,1,0,0,1
z0043704,Mnov_gtseq_268,z0043704b.GTseq.prod,NA,G,NA,NA,NA,1,0,0,0,0
z0043704,Mnov_gtseq_268,z0043704.RunMS54,NA,A,NA,NA,NA,3,0,0,0,0
z0043704,Mnov_gtseq_268,z0043704.RunMS58,A/G,A,G,C,NA,360,337,1,0,2
z0043704,Mnov_gtseq_28,z0043704.GTseq.prod,C/C,C,T,NA,NA,18,2,0,0,1
z0043704,Mnov_gtseq_28,z0043704b.GTseq.prod,NA,T,NA,NA,NA,1,0,0,0,0
z0043704,Mnov_gtseq_28,z0043704.RunMS54,NA,C,NA,NA,NA,1,0,0,0,0
z0043704,Mnov_gtseq_28,z0043704.RunMS58,C/T,C,T,NA,NA,99,93,0,0,2
z0043704,Mnov_gtseq_284,z0043704.GTseq.prod,G/G,G,NA,NA,NA,12,0,0,0,1
z0043704,Mnov_gtseq_284,z0043704b.GTseq.prod,NA,C,NA,NA,NA,3,0,0,0,0
z0043704,Mnov_gtseq_284,z0043704.RunMS54,NA,G,NA,NA,NA,1,0,0,0,0
z0043704,Mnov_gtseq_284,z0043704.RunMS58,C/G,G,C,NA,NA,185,164,0,0,2
z0043704,Mnov_gtseq_341,z0043704.GTseq.prod,C/C,C,NA,NA,NA,10,0,0,0,1
z0043704,Mnov_gtseq_341,z0043704b.GTseq.prod,NA,T,NA,NA,NA,1,0,0,0,0
z0043704,Mnov_gtseq_341,z0043704.RunMS54,NA,T,NA,NA,NA,3,0,0,0,0
z0043704,Mnov_gtseq_341,z0043704.RunMS58,T/T,T,NA,NA,NA,214,0,0,0,1
z0043704,Mnov_gtseq_43,z0043704.GTseq.prod,T/T,T,C,NA,NA,10,1,0,0,1
z0043704,Mnov_gtseq_43,z0043704b.GTseq.prod,NA,C,T,NA,NA,2,1,0,0,0
z0043704,Mnov_gtseq_43,z0043704.RunMS54,NA,C,NA,NA,NA,1,0,0,0,0
z0043704,Mnov_gtseq_43,z0043704.RunMS58,C/T,C,T,NA,NA,95,92,0,0,2
z0043704,Mnov_gtseq_518,z0043704.GTseq.prod,C/G,C,G,NA,NA,8,4,0,0,2
z0043704,Mnov_gtseq_518,z0043704b.GTseq.prod,NA,C,NA,NA,NA,2,0,0,0,0
z0043704,Mnov_gtseq_518,z0043704.RunMS58,C/C,C,NA,NA,NA,139,0,0,0,1
z0043704,Mnov_gtseq_65,z0043704.GTseq.prod,C/G,G,C,NA,NA,7,4,0,0,2
z0043704,Mnov_gtseq_65,z0043704.RunMS54,NA,G,NA,NA,NA,1,0,0,0,0
z0043704,Mnov_gtseq_65,z0043704.RunMS58,C/C,C,NA,NA,NA,340,0,0,0,1