"","locus","Indiv","gt","haplo.1","haplo.2","haplo.3","haplo.4","depth.1","depth.2","depth.3","depth.4","num.haps"
"1","Mnov_gtseq_162","z0196891","CC/GC","GC","CC","GG","GT",278,255,143,2,"3"
"2","Mnov_gtseq_114","z0195644","CC/NN","NN","CC","CN","CT",229,144,5,1,"2"
"3","Mnov_gtseq_526","z0012201","X/X","X","C",NA,NA,167,3,0,0,"1"
"4","Mnov_gtseq_526","z0067213","X/X","X",NA,NA,NA,73,0,0,0,"1"
"5","Mnov_gtseq_114","z0195650","NN/NN","NN","CC","CT","CN",69,17,17,6,"1"
"6","Mnov_gtseq_526","z0030424","X/X","X",NA,NA,NA,50,0,0,0,"1"
"7","Mnov_gtseq_66","z0042288","C/X","X","C",NA,NA,48,47,0,0,"2"
"8","Mnov_gtseq_526","z0032258","X/X","X",NA,NA,NA,42,0,0,0,"1"
"9","Mnov_gtseq_135","z0025439","NN/TC","TC","NN",NA,NA,31,22,0,0,"2"
"10","Mnov_gtseq_114","z0067213","NN/NN","NN","CC",NA,NA,30,7,0,0,"1"
"11","Mnov_gtseq_526","z0025439","X/X","X","N",NA,NA,22,1,0,0,"1"
"12","Mnov_gtseq_97","z0053845","TA/TC","TC","TA","GA",NA,20,18,15,0,"3"
"13","Mnov_gtseq_161","z0196804","A/G","G","A","N",NA,12,9,6,0,"3"
"14","Mnov_gtseq_72","z0053845","CT/TC","TC","CT","CC",NA,11,9,5,0,"3"
"15","Mnov_gtseq_64","z0195647","AA/AG","AA","AG","GA","AC",11,9,5,1,"3"
"16","Mnov_gtseq_323","z0037611","TA/TC","TA","TC","CC",NA,11,8,5,0,"3"
"17","Mnov_gtseq_114","z0195677","CT/NN","NN","CT","CC",NA,10,7,6,0,"3"
