"","labID","RunMS58.replicates.merged","RunMS58.MS51.merged","RunMS58.MS51.MS45.90s.merged","RunMS58.MS51.MS45.90s.MS54.merged","RunMS58.MS51.MS45.90s.MS54.GTseq.val.merged","RunMS58.MS51.MS45.90s.MS54.GTseq.val.GTseq.prod.merged","max.genos","MS58.max","MS51.max","MS45.max","MS54.max","GTseq.val.max","GTseq.prod.max","run.to.use"
"1","z0005757",295,295,295,298,298,298,298,0,0,0,1,1,1,"RunMS58.MS51.MS45.90s.MS54.merged"
"2","z0005758",321,321,321,321,321,321,321,1,1,1,1,1,1,"RunMS58.replicates.merged"
"3","z0016577",311,311,311,313,313,313,313,0,0,0,1,1,1,"RunMS58.MS51.MS45.90s.MS54.merged"
"4","z0029828",312,312,312,313,313,313,313,0,0,0,1,1,1,"RunMS58.MS51.MS45.90s.MS54.merged"
"5","z0029831",322,322,322,322,322,322,322,1,1,1,1,1,1,"RunMS58.replicates.merged"
"6","z0029860",316,316,316,317,317,318,318,0,0,0,0,0,1,"RunMS58.MS51.MS45.90s.MS54.GTseq.val.GTseq.prod.merged"
"7","z0029863",308,313,313,313,313,314,314,0,0,0,0,0,1,"RunMS58.MS51.MS45.90s.MS54.GTseq.val.GTseq.prod.merged"
"8","z0040308",316,316,316,316,316,318,318,0,0,0,0,0,1,"RunMS58.MS51.MS45.90s.MS54.GTseq.val.GTseq.prod.merged"
"9","z0040387",316,316,316,316,316,318,318,0,0,0,0,0,1,"RunMS58.MS51.MS45.90s.MS54.GTseq.val.GTseq.prod.merged"
"10","z0041243",314,314,314,317,317,317,317,0,0,0,1,1,1,"RunMS58.MS51.MS45.90s.MS54.merged"
"11","z0041248",294,294,294,300,300,300,300,0,0,0,1,1,1,"RunMS58.MS51.MS45.90s.MS54.merged"
"12","z0041250",312,312,312,314,314,316,316,0,0,0,0,0,1,"RunMS58.MS51.MS45.90s.MS54.GTseq.val.GTseq.prod.merged"
"13","z0041274",312,312,312,313,313,314,314,0,0,0,0,0,1,"RunMS58.MS51.MS45.90s.MS54.GTseq.val.GTseq.prod.merged"
"14","z0041519",316,316,316,316,316,318,318,0,0,0,0,0,1,"RunMS58.MS51.MS45.90s.MS54.GTseq.val.GTseq.prod.merged"
"15","z0041526",318,318,318,318,318,318,318,1,1,1,1,1,1,"RunMS58.replicates.merged"
"16","z0043243",314,314,314,315,315,315,315,0,0,0,1,1,1,"RunMS58.MS51.MS45.90s.MS54.merged"
"17","z0043278",313,313,313,315,315,315,315,0,0,0,1,1,1,"RunMS58.MS51.MS45.90s.MS54.merged"
"18","z0043489",287,287,287,301,301,301,301,0,0,0,1,1,1,"RunMS58.MS51.MS45.90s.MS54.merged"
"19","z0043494",307,307,307,313,313,313,313,0,0,0,1,1,1,"RunMS58.MS51.MS45.90s.MS54.merged"
"20","z0043496",320,320,320,321,321,321,321,0,0,0,1,1,1,"RunMS58.MS51.MS45.90s.MS54.merged"
"21","z0043498",313,313,313,315,315,315,315,0,0,0,1,1,1,"RunMS58.MS51.MS45.90s.MS54.merged"
"22","z0043566",306,306,306,307,307,312,312,0,0,0,0,0,1,"RunMS58.MS51.MS45.90s.MS54.GTseq.val.GTseq.prod.merged"
"23","z0043599",303,303,303,307,307,307,307,0,0,0,1,1,1,"RunMS58.MS51.MS45.90s.MS54.merged"
"24","z0043650",321,321,321,321,321,321,321,1,1,1,1,1,1,"RunMS58.replicates.merged"
"25","z0043668",318,318,318,318,318,319,319,0,0,0,0,0,1,"RunMS58.MS51.MS45.90s.MS54.GTseq.val.GTseq.prod.merged"
"26","z0043674",319,319,319,319,319,319,319,1,1,1,1,1,1,"RunMS58.replicates.merged"
"27","z0043686",317,317,317,317,317,317,317,1,1,1,1,1,1,"RunMS58.replicates.merged"
"28","z0043693",317,317,317,317,317,318,318,0,0,0,0,0,1,"RunMS58.MS51.MS45.90s.MS54.GTseq.val.GTseq.prod.merged"
"29","z0043704",271,271,271,271,271,273,273,0,0,0,0,0,1,"RunMS58.MS51.MS45.90s.MS54.GTseq.val.GTseq.prod.merged"
"30","z0043819",314,314,314,314,314,318,318,0,0,0,0,0,1,"RunMS58.MS51.MS45.90s.MS54.GTseq.val.GTseq.prod.merged"
"31","z0043994",321,321,321,321,321,321,321,1,1,1,1,1,1,"RunMS58.replicates.merged"
"32","z0044033",317,317,317,320,320,321,321,0,0,0,0,0,1,"RunMS58.MS51.MS45.90s.MS54.GTseq.val.GTseq.prod.merged"
"33","z0044432",196,196,196,272,272,272,272,0,0,0,1,1,1,"RunMS58.MS51.MS45.90s.MS54.merged"
"34","z0045347",317,317,317,317,317,317,317,1,1,1,1,1,1,"RunMS58.replicates.merged"
"35","z0045398",317,317,317,317,317,317,317,1,1,1,1,1,1,"RunMS58.replicates.merged"
"36","z0045407",315,315,315,315,315,315,315,1,1,1,1,1,1,"RunMS58.replicates.merged"
"37","z0046925",171,171,171,176,176,176,176,0,0,0,1,1,1,"RunMS58.MS51.MS45.90s.MS54.merged"
"38","z0051326",318,319,319,319,319,319,319,0,1,1,1,1,1,"RunMS58.MS51.merged"
"39","z0051328",315,315,315,315,315,315,315,1,1,1,1,1,1,"RunMS58.replicates.merged"
"40","z0051380",318,318,318,318,318,320,320,0,0,0,0,0,1,"RunMS58.MS51.MS45.90s.MS54.GTseq.val.GTseq.prod.merged"
"41","z0051405",321,321,321,321,321,321,321,1,1,1,1,1,1,"RunMS58.replicates.merged"
"42","z0051875",140,140,140,228,228,228,228,0,0,0,1,1,1,"RunMS58.MS51.MS45.90s.MS54.merged"
"43","z0051895",321,321,321,322,322,322,322,0,0,0,1,1,1,"RunMS58.MS51.MS45.90s.MS54.merged"
"44","z0051918",319,319,319,320,320,320,320,0,0,0,1,1,1,"RunMS58.MS51.MS45.90s.MS54.merged"
"45","z0051929",319,319,319,319,319,319,319,1,1,1,1,1,1,"RunMS58.replicates.merged"
"46","z0051959",313,313,313,315,315,315,315,0,0,0,1,1,1,"RunMS58.MS51.MS45.90s.MS54.merged"
"47","z0053025",306,306,306,306,307,307,307,0,0,0,0,1,1,"RunMS58.MS51.MS45.90s.MS54.GTseq.val.merged"
"48","z0053055",318,318,318,318,318,318,318,1,1,1,1,1,1,"RunMS58.replicates.merged"
"49","z0053082",315,315,315,315,315,315,315,1,1,1,1,1,1,"RunMS58.replicates.merged"
"50","z0053096",322,322,322,322,322,322,322,1,1,1,1,1,1,"RunMS58.replicates.merged"
"51","z0053101",319,319,319,319,319,319,319,1,1,1,1,1,1,"RunMS58.replicates.merged"
"52","z0053133",319,319,319,319,319,319,319,1,1,1,1,1,1,"RunMS58.replicates.merged"
"53","z0053138",320,320,320,320,320,320,320,1,1,1,1,1,1,"RunMS58.replicates.merged"
"54","z0053149",320,320,320,320,320,320,320,1,1,1,1,1,1,"RunMS58.replicates.merged"
"55","z0053756",315,317,317,317,317,317,317,0,1,1,1,1,1,"RunMS58.MS51.merged"
"56","z0053760",320,320,320,320,320,320,320,1,1,1,1,1,1,"RunMS58.replicates.merged"
"57","z0053842",313,314,314,314,314,315,315,0,0,0,0,0,1,"RunMS58.MS51.MS45.90s.MS54.GTseq.val.GTseq.prod.merged"
"58","z0053845",75,117,117,117,117,117,117,0,1,1,1,1,1,"RunMS58.MS51.merged"
"59","z0053846",311,311,311,311,311,311,311,1,1,1,1,1,1,"RunMS58.replicates.merged"
"60","z0056034",317,317,317,318,317,317,318,0,0,0,1,0,0,"RunMS58.MS51.MS45.90s.MS54.merged"
"61","z0056064",321,321,321,321,321,322,322,0,0,0,0,0,1,"RunMS58.MS51.MS45.90s.MS54.GTseq.val.GTseq.prod.merged"
"62","z0056065",321,321,321,321,321,322,322,0,0,0,0,0,1,"RunMS58.MS51.MS45.90s.MS54.GTseq.val.GTseq.prod.merged"
"63","z0056069",321,321,321,321,321,321,321,1,1,1,1,1,1,"RunMS58.replicates.merged"
"64","z0056073",321,321,321,321,321,321,321,1,1,1,1,1,1,"RunMS58.replicates.merged"
"65","z0056374",294,296,296,296,296,296,296,0,1,1,1,1,1,"RunMS58.MS51.merged"
"66","z0056389",316,318,318,318,318,318,318,0,1,1,1,1,1,"RunMS58.MS51.merged"
"67","z0061527",312,312,312,312,312,312,312,1,1,1,1,1,1,"RunMS58.replicates.merged"
"68","z0061969",319,319,319,319,319,319,319,1,1,1,1,1,1,"RunMS58.replicates.merged"
"69","z0061982",1,1,1,1,1,2,2,0,0,0,0,0,1,"RunMS58.MS51.MS45.90s.MS54.GTseq.val.GTseq.prod.merged"
"70","z0066805",315,315,315,315,316,316,316,0,0,0,0,1,1,"RunMS58.MS51.MS45.90s.MS54.GTseq.val.merged"
"71","z0107078",319,319,319,319,319,319,319,1,1,1,1,1,1,"RunMS58.replicates.merged"
"72","z0108510",319,319,319,319,319,319,319,1,1,1,1,1,1,"RunMS58.replicates.merged"
"73","z0108513",320,320,320,320,320,321,321,0,0,0,0,0,1,"RunMS58.MS51.MS45.90s.MS54.GTseq.val.GTseq.prod.merged"
"74","z0113628",315,315,315,314,314,314,315,1,1,1,0,0,0,"RunMS58.replicates.merged"
"75","z0146087",215,215,215,217,217,217,217,0,0,0,1,1,1,"RunMS58.MS51.MS45.90s.MS54.merged"
"76","z0175378",322,322,322,322,322,322,322,1,1,1,1,1,1,"RunMS58.replicates.merged"
"77","z0175912",302,304,304,304,304,304,304,0,1,1,1,1,1,"RunMS58.MS51.merged"
"78","z0175915",319,319,319,319,319,319,319,1,1,1,1,1,1,"RunMS58.replicates.merged"
"79","z0175916",312,314,314,314,314,314,314,0,1,1,1,1,1,"RunMS58.MS51.merged"
"80","z0175927",322,322,322,322,322,322,322,1,1,1,1,1,1,"RunMS58.replicates.merged"
"81","z0187811",320,320,320,320,320,320,320,1,1,1,1,1,1,"RunMS58.replicates.merged"
"82","z0187857",308,309,313,313,313,313,313,0,0,1,1,1,1,"RunMS58.MS51.MS45.90s.merged"
"83","z0187859",321,321,321,321,321,321,321,1,1,1,1,1,1,"RunMS58.replicates.merged"
"84","z0187911",308,308,308,308,308,308,308,1,1,1,1,1,1,"RunMS58.replicates.merged"
"85","z0195258",320,320,320,320,320,320,320,1,1,1,1,1,1,"RunMS58.replicates.merged"
"86","z0195643",311,312,312,314,314,314,314,0,0,0,1,1,1,"RunMS58.MS51.MS45.90s.MS54.merged"
"87","z0195648",311,311,311,312,312,312,312,0,0,0,1,1,1,"RunMS58.MS51.MS45.90s.MS54.merged"
"88","z0195649",32,32,32,40,45,45,45,0,0,0,0,1,1,"RunMS58.MS51.MS45.90s.MS54.GTseq.val.merged"
"89","z0195653",312,315,315,316,316,317,317,0,0,0,0,0,1,"RunMS58.MS51.MS45.90s.MS54.GTseq.val.GTseq.prod.merged"
"90","z0195655",321,321,321,321,321,321,321,1,1,1,1,1,1,"RunMS58.replicates.merged"
"91","z0195657",233,240,240,263,263,265,265,0,0,0,0,0,1,"RunMS58.MS51.MS45.90s.MS54.GTseq.val.GTseq.prod.merged"
"92","z0195659",251,257,257,275,275,275,275,0,0,0,1,1,1,"RunMS58.MS51.MS45.90s.MS54.merged"
"93","z0195663",318,318,318,318,319,319,319,0,0,0,0,1,1,"RunMS58.MS51.MS45.90s.MS54.GTseq.val.merged"
"94","z0195664",321,321,321,321,321,321,321,1,1,1,1,1,1,"RunMS58.replicates.merged"
"95","z0195668",311,311,311,314,314,314,314,0,0,0,1,1,1,"RunMS58.MS51.MS45.90s.MS54.merged"
"96","z0195670",313,313,313,314,314,314,314,0,0,0,1,1,1,"RunMS58.MS51.MS45.90s.MS54.merged"
"97","z0195671",308,308,308,312,312,312,312,0,0,0,1,1,1,"RunMS58.MS51.MS45.90s.MS54.merged"
"98","z0195672",311,311,311,313,313,313,313,0,0,0,1,1,1,"RunMS58.MS51.MS45.90s.MS54.merged"
"99","z0195673",315,316,316,318,318,318,318,0,0,0,1,1,1,"RunMS58.MS51.MS45.90s.MS54.merged"
"100","z0195675",286,284,284,289,289,289,289,0,0,0,1,1,1,"RunMS58.MS51.MS45.90s.MS54.merged"
"101","z0195678",319,319,319,318,318,318,319,1,1,1,0,0,0,"RunMS58.replicates.merged"
"102","z0195682",313,313,313,315,315,315,315,0,0,0,1,1,1,"RunMS58.MS51.MS45.90s.MS54.merged"
"103","z0195683",316,316,316,316,317,317,317,0,0,0,0,1,1,"RunMS58.MS51.MS45.90s.MS54.GTseq.val.merged"
"104","z0195684",309,309,309,313,313,313,313,0,0,0,1,1,1,"RunMS58.MS51.MS45.90s.MS54.merged"
"105","z0195688",322,322,322,322,322,322,322,1,1,1,1,1,1,"RunMS58.replicates.merged"
"106","z0195689",312,312,312,312,312,313,313,0,0,0,0,0,1,"RunMS58.MS51.MS45.90s.MS54.GTseq.val.GTseq.prod.merged"
"107","z0195691",320,320,320,320,320,320,320,1,1,1,1,1,1,"RunMS58.replicates.merged"
"108","z0195693",315,315,315,315,315,315,315,1,1,1,1,1,1,"RunMS58.replicates.merged"
"109","z0195705",317,317,317,318,318,319,319,0,0,0,0,0,1,"RunMS58.MS51.MS45.90s.MS54.GTseq.val.GTseq.prod.merged"
"110","z0195736",310,311,311,311,311,314,314,0,0,0,0,0,1,"RunMS58.MS51.MS45.90s.MS54.GTseq.val.GTseq.prod.merged"
"111","z0195751",316,316,316,316,316,317,317,0,0,0,0,0,1,"RunMS58.MS51.MS45.90s.MS54.GTseq.val.GTseq.prod.merged"
"112","z0195755",317,317,317,317,317,317,317,1,1,1,1,1,1,"RunMS58.replicates.merged"
"113","z0195756",317,317,317,317,317,318,318,0,0,0,0,0,1,"RunMS58.MS51.MS45.90s.MS54.GTseq.val.GTseq.prod.merged"
"114","z0195762",316,316,316,316,316,316,316,1,1,1,1,1,1,"RunMS58.replicates.merged"
"115","z0195767",320,320,320,320,320,320,320,1,1,1,1,1,1,"RunMS58.replicates.merged"
"116","z0195770",120,120,120,120,120,165,165,0,0,0,0,0,1,"RunMS58.MS51.MS45.90s.MS54.GTseq.val.GTseq.prod.merged"
"117","z0195771",311,313,313,313,313,313,313,0,1,1,1,1,1,"RunMS58.MS51.merged"
"118","z0195772",320,319,319,319,319,319,320,1,0,0,0,0,0,"RunMS58.replicates.merged"
"119","z0195773",313,313,313,313,313,315,315,0,0,0,0,0,1,"RunMS58.MS51.MS45.90s.MS54.GTseq.val.GTseq.prod.merged"
"120","z0195776",303,305,305,305,305,304,305,0,1,1,1,1,0,"RunMS58.MS51.merged"
"121","z0195777",306,306,310,310,310,311,311,0,0,0,0,0,1,"RunMS58.MS51.MS45.90s.MS54.GTseq.val.GTseq.prod.merged"
"122","z0195778",316,316,316,316,316,317,317,0,0,0,0,0,1,"RunMS58.MS51.MS45.90s.MS54.GTseq.val.GTseq.prod.merged"
"123","z0195784",319,319,319,319,320,320,320,0,0,0,0,1,1,"RunMS58.MS51.MS45.90s.MS54.GTseq.val.merged"
"124","z0195791",319,319,319,319,319,319,319,1,1,1,1,1,1,"RunMS58.replicates.merged"
"125","z0196805",318,318,318,318,318,318,318,1,1,1,1,1,1,"RunMS58.replicates.merged"
"126","z0196810",317,317,317,317,317,317,317,1,1,1,1,1,1,"RunMS58.replicates.merged"
"127","z0196811",316,317,317,317,317,317,317,0,1,1,1,1,1,"RunMS58.MS51.merged"
"128","z0196828",319,319,319,319,319,319,319,1,1,1,1,1,1,"RunMS58.replicates.merged"
"129","z0196829",321,321,321,321,321,321,321,1,1,1,1,1,1,"RunMS58.replicates.merged"
"130","z0196838",315,316,316,316,316,316,316,0,1,1,1,1,1,"RunMS58.MS51.merged"
"131","z0196839",314,314,314,314,314,314,314,1,1,1,1,1,1,"RunMS58.replicates.merged"
"132","z0196846",314,314,314,314,314,315,315,0,0,0,0,0,1,"RunMS58.MS51.MS45.90s.MS54.GTseq.val.GTseq.prod.merged"
"133","z0196847",319,320,320,320,320,320,320,0,1,1,1,1,1,"RunMS58.MS51.merged"
"134","z0196851",316,316,316,316,316,319,319,0,0,0,0,0,1,"RunMS58.MS51.MS45.90s.MS54.GTseq.val.GTseq.prod.merged"
"135","z0196887",317,318,318,318,318,318,318,0,1,1,1,1,1,"RunMS58.MS51.merged"
"136","z0196891",314,314,314,314,314,314,314,1,1,1,1,1,1,"RunMS58.replicates.merged"
"137","z0196894",317,317,317,319,319,319,319,0,0,0,1,1,1,"RunMS58.MS51.MS45.90s.MS54.merged"
"138","z0197660",310,310,310,310,310,310,310,1,1,1,1,1,1,"RunMS58.replicates.merged"
"139","z0197664",320,320,320,320,320,320,320,1,1,1,1,1,1,"RunMS58.replicates.merged"
"140","z0197682",145,147,262,262,262,262,262,0,0,1,1,1,1,"RunMS58.MS51.MS45.90s.merged"
"141","z0207777",112,112,112,114,114,115,115,0,0,0,0,0,1,"RunMS58.MS51.MS45.90s.MS54.GTseq.val.GTseq.prod.merged"
"142","z0207778",313,313,313,314,314,314,314,0,0,0,1,1,1,"RunMS58.MS51.MS45.90s.MS54.merged"
"143","z0011944",NA,316,316,316,316,318,318,NA,0,0,0,0,1,"RunMS58.MS51.MS45.90s.MS54.GTseq.val.GTseq.prod.merged"
"144","z0016578",NA,254,254,254,254,254,254,NA,1,1,1,1,1,"RunMS58.MS51.merged"
"145","z0018264",NA,320,320,320,321,321,321,NA,0,0,0,1,1,"RunMS58.MS51.MS45.90s.MS54.GTseq.val.merged"
"146","z0029829",NA,278,278,278,278,278,278,NA,1,1,1,1,1,"RunMS58.MS51.merged"
"147","z0029833",NA,321,321,321,321,321,321,NA,1,1,1,1,1,"RunMS58.MS51.merged"
"148","z0029846",NA,54,54,54,54,276,276,NA,0,0,0,0,1,"RunMS58.MS51.MS45.90s.MS54.GTseq.val.GTseq.prod.merged"
"149","z0029864",NA,239,239,239,239,294,294,NA,0,0,0,0,1,"RunMS58.MS51.MS45.90s.MS54.GTseq.val.GTseq.prod.merged"
"150","z0037611",NA,40,40,40,40,42,42,NA,0,0,0,0,1,"RunMS58.MS51.MS45.90s.MS54.GTseq.val.GTseq.prod.merged"
"151","z0037624",NA,173,173,173,173,255,255,NA,0,0,0,0,1,"RunMS58.MS51.MS45.90s.MS54.GTseq.val.GTseq.prod.merged"
"152","z0040334",NA,306,306,306,316,316,316,NA,0,0,0,1,1,"RunMS58.MS51.MS45.90s.MS54.GTseq.val.merged"
"153","z0040345",NA,312,312,312,318,318,318,NA,0,0,0,1,1,"RunMS58.MS51.MS45.90s.MS54.GTseq.val.merged"
"154","z0040363",NA,254,254,254,255,255,255,NA,0,0,0,1,1,"RunMS58.MS51.MS45.90s.MS54.GTseq.val.merged"
"155","z0045329",NA,320,320,320,320,320,320,NA,1,1,1,1,1,"RunMS58.MS51.merged"
"156","z0045331",NA,288,302,302,302,302,302,NA,0,1,1,1,1,"RunMS58.MS51.MS45.90s.merged"
"157","z0045332",NA,300,300,300,300,316,316,NA,0,0,0,0,1,"RunMS58.MS51.MS45.90s.MS54.GTseq.val.GTseq.prod.merged"
"158","z0045333",NA,210,210,210,210,300,300,NA,0,0,0,0,1,"RunMS58.MS51.MS45.90s.MS54.GTseq.val.GTseq.prod.merged"
"159","z0045337",NA,303,303,303,303,305,305,NA,0,0,0,0,1,"RunMS58.MS51.MS45.90s.MS54.GTseq.val.GTseq.prod.merged"
"160","z0045342",NA,279,279,279,279,279,279,NA,1,1,1,1,1,"RunMS58.MS51.merged"
"161","z0045350",NA,319,319,319,319,319,319,NA,1,1,1,1,1,"RunMS58.MS51.merged"
"162","z0045357",NA,321,321,321,321,321,321,NA,1,1,1,1,1,"RunMS58.MS51.merged"
"163","z0045358",NA,313,313,313,313,316,316,NA,0,0,0,0,1,"RunMS58.MS51.MS45.90s.MS54.GTseq.val.GTseq.prod.merged"
"164","z0045401",NA,1,237,237,237,238,238,NA,0,0,0,0,1,"RunMS58.MS51.MS45.90s.MS54.GTseq.val.GTseq.prod.merged"
"165","z0045792",NA,17,17,17,17,248,248,NA,0,0,0,0,1,"RunMS58.MS51.MS45.90s.MS54.GTseq.val.GTseq.prod.merged"
"166","z0051185",NA,303,303,303,303,320,320,NA,0,0,0,0,1,"RunMS58.MS51.MS45.90s.MS54.GTseq.val.GTseq.prod.merged"
"167","z0051324",NA,112,112,112,112,300,300,NA,0,0,0,0,1,"RunMS58.MS51.MS45.90s.MS54.GTseq.val.GTseq.prod.merged"
"168","z0051402",NA,321,321,321,321,321,321,NA,1,1,1,1,1,"RunMS58.MS51.merged"
"169","z0051404",NA,294,294,294,294,294,294,NA,1,1,1,1,1,"RunMS58.MS51.merged"
"170","z0051891",NA,312,312,312,312,319,319,NA,0,0,0,0,1,"RunMS58.MS51.MS45.90s.MS54.GTseq.val.GTseq.prod.merged"
"171","z0051893",NA,309,309,309,309,309,309,NA,1,1,1,1,1,"RunMS58.MS51.merged"
"172","z0051898",NA,319,319,319,319,320,320,NA,0,0,0,0,1,"RunMS58.MS51.MS45.90s.MS54.GTseq.val.GTseq.prod.merged"
"173","z0051899",NA,302,302,302,302,302,302,NA,1,1,1,1,1,"RunMS58.MS51.merged"
"174","z0051947",NA,310,310,310,310,310,310,NA,1,1,1,1,1,"RunMS58.MS51.merged"
"175","z0051968",NA,300,300,300,300,300,300,NA,1,1,1,1,1,"RunMS58.MS51.merged"
"176","z0053754",NA,317,317,317,317,317,317,NA,1,1,1,1,1,"RunMS58.MS51.merged"
"177","z0053757",NA,141,141,141,141,142,142,NA,0,0,0,0,1,"RunMS58.MS51.MS45.90s.MS54.GTseq.val.GTseq.prod.merged"
"178","z0053758",NA,238,238,238,238,264,264,NA,0,0,0,0,1,"RunMS58.MS51.MS45.90s.MS54.GTseq.val.GTseq.prod.merged"
"179","z0053759",NA,317,317,317,317,319,319,NA,0,0,0,0,1,"RunMS58.MS51.MS45.90s.MS54.GTseq.val.GTseq.prod.merged"
"180","z0053843",NA,300,300,300,300,300,300,NA,1,1,1,1,1,"RunMS58.MS51.merged"
"181","z0053844",NA,276,276,276,276,293,293,NA,0,0,0,0,1,"RunMS58.MS51.MS45.90s.MS54.GTseq.val.GTseq.prod.merged"
"182","z0053847",NA,315,315,315,318,318,318,NA,0,0,0,1,1,"RunMS58.MS51.MS45.90s.MS54.GTseq.val.merged"
"183","z0053849",NA,306,306,306,306,317,317,NA,0,0,0,0,1,"RunMS58.MS51.MS45.90s.MS54.GTseq.val.GTseq.prod.merged"
"184","z0056375",NA,314,314,314,314,320,320,NA,0,0,0,0,1,"RunMS58.MS51.MS45.90s.MS54.GTseq.val.GTseq.prod.merged"
"185","z0056377",NA,315,315,315,315,319,319,NA,0,0,0,0,1,"RunMS58.MS51.MS45.90s.MS54.GTseq.val.GTseq.prod.merged"
"186","z0056378",NA,315,315,315,315,317,317,NA,0,0,0,0,1,"RunMS58.MS51.MS45.90s.MS54.GTseq.val.GTseq.prod.merged"
"187","z0056380",NA,1,1,1,1,1,1,NA,1,1,1,1,1,"RunMS58.MS51.merged"
"188","z0056382",NA,306,306,306,306,318,318,NA,0,0,0,0,1,"RunMS58.MS51.MS45.90s.MS54.GTseq.val.GTseq.prod.merged"
"189","z0056384",NA,309,309,309,309,309,309,NA,1,1,1,1,1,"RunMS58.MS51.merged"
"190","z0056386",NA,291,291,291,291,294,294,NA,0,0,0,0,1,"RunMS58.MS51.MS45.90s.MS54.GTseq.val.GTseq.prod.merged"
"191","z0056391",NA,317,317,317,317,317,317,NA,1,1,1,1,1,"RunMS58.MS51.merged"
"192","z0056392",NA,221,282,282,282,282,282,NA,0,1,1,1,1,"RunMS58.MS51.MS45.90s.merged"
"193","z0056393",NA,292,292,292,292,292,292,NA,1,1,1,1,1,"RunMS58.MS51.merged"
"194","z0056394",NA,318,318,318,318,319,319,NA,0,0,0,0,1,"RunMS58.MS51.MS45.90s.MS54.GTseq.val.GTseq.prod.merged"
"195","z0056395",NA,266,266,266,266,316,316,NA,0,0,0,0,1,"RunMS58.MS51.MS45.90s.MS54.GTseq.val.GTseq.prod.merged"
"196","z0056397",NA,318,318,318,318,318,318,NA,1,1,1,1,1,"RunMS58.MS51.merged"
"197","z0056399",NA,312,312,312,312,317,317,NA,0,0,0,0,1,"RunMS58.MS51.MS45.90s.MS54.GTseq.val.GTseq.prod.merged"
"198","z0061980",NA,316,316,316,316,317,317,NA,0,0,0,0,1,"RunMS58.MS51.MS45.90s.MS54.GTseq.val.GTseq.prod.merged"
"199","z0066792",NA,309,309,309,312,312,312,NA,0,0,0,1,1,"RunMS58.MS51.MS45.90s.MS54.GTseq.val.merged"
"200","z0107055",NA,320,320,320,320,320,320,NA,1,1,1,1,1,"RunMS58.MS51.merged"
"201","z0107073",NA,321,321,321,321,321,321,NA,1,1,1,1,1,"RunMS58.MS51.merged"
"202","z0107080",NA,306,306,306,306,315,315,NA,0,0,0,0,1,"RunMS58.MS51.MS45.90s.MS54.GTseq.val.GTseq.prod.merged"
"203","z0107101",NA,289,289,289,289,319,319,NA,0,0,0,0,1,"RunMS58.MS51.MS45.90s.MS54.GTseq.val.GTseq.prod.merged"
"204","z0108480",NA,312,312,312,312,315,315,NA,0,0,0,0,1,"RunMS58.MS51.MS45.90s.MS54.GTseq.val.GTseq.prod.merged"
"205","z0108489",NA,238,238,238,238,317,317,NA,0,0,0,0,1,"RunMS58.MS51.MS45.90s.MS54.GTseq.val.GTseq.prod.merged"
"206","z0108508",NA,317,317,317,317,317,317,NA,1,1,1,1,1,"RunMS58.MS51.merged"
"207","z0133302",NA,261,261,261,261,262,262,NA,0,0,0,0,1,"RunMS58.MS51.MS45.90s.MS54.GTseq.val.GTseq.prod.merged"
"208","z0173485",NA,308,308,308,308,317,317,NA,0,0,0,0,1,"RunMS58.MS51.MS45.90s.MS54.GTseq.val.GTseq.prod.merged"
"209","z0175377",NA,316,316,316,316,316,316,NA,1,1,1,1,1,"RunMS58.MS51.merged"
"210","z0175928",NA,317,317,317,317,317,317,NA,1,1,1,1,1,"RunMS58.MS51.merged"
"211","z0175937",NA,316,316,316,316,316,316,NA,1,1,1,1,1,"RunMS58.MS51.merged"
"212","z0178294",NA,1,1,1,1,1,1,NA,1,1,1,1,1,"RunMS58.MS51.merged"
"213","z0178296",NA,1,1,1,1,309,309,NA,0,0,0,0,1,"RunMS58.MS51.MS45.90s.MS54.GTseq.val.GTseq.prod.merged"
"214","z0178348",NA,281,281,281,281,281,281,NA,1,1,1,1,1,"RunMS58.MS51.merged"
"215","z0187842",NA,313,313,313,313,319,319,NA,0,0,0,0,1,"RunMS58.MS51.MS45.90s.MS54.GTseq.val.GTseq.prod.merged"
"216","z0187860",NA,321,321,321,321,321,321,NA,1,1,1,1,1,"RunMS58.MS51.merged"
"217","z0187868",NA,253,253,253,253,263,263,NA,0,0,0,0,1,"RunMS58.MS51.MS45.90s.MS54.GTseq.val.GTseq.prod.merged"
"218","z0187906",NA,288,288,288,288,288,288,NA,1,1,1,1,1,"RunMS58.MS51.merged"
"219","z0195644",NA,264,264,302,302,303,303,NA,0,0,0,0,1,"RunMS58.MS51.MS45.90s.MS54.GTseq.val.GTseq.prod.merged"
"220","z0195650",NA,24,24,266,266,266,266,NA,0,0,1,1,1,"RunMS58.MS51.MS45.90s.MS54.merged"
"221","z0195651",NA,80,80,281,281,281,281,NA,0,0,1,1,1,"RunMS58.MS51.MS45.90s.MS54.merged"
"222","z0195665",NA,1,1,11,11,70,70,NA,0,0,0,0,1,"RunMS58.MS51.MS45.90s.MS54.GTseq.val.GTseq.prod.merged"
"223","z0195667",NA,71,71,273,273,274,274,NA,0,0,0,0,1,"RunMS58.MS51.MS45.90s.MS54.GTseq.val.GTseq.prod.merged"
"224","z0195677",NA,106,106,250,250,250,250,NA,0,0,1,1,1,"RunMS58.MS51.MS45.90s.MS54.merged"
"225","z0195679",NA,1,1,12,12,12,12,NA,0,0,1,1,1,"RunMS58.MS51.MS45.90s.MS54.merged"
"226","z0195697",NA,269,269,269,269,303,303,NA,0,0,0,0,1,"RunMS58.MS51.MS45.90s.MS54.GTseq.val.GTseq.prod.merged"
"227","z0195700",NA,305,305,305,305,314,314,NA,0,0,0,0,1,"RunMS58.MS51.MS45.90s.MS54.GTseq.val.GTseq.prod.merged"
"228","z0195703",NA,310,310,310,310,316,316,NA,0,0,0,0,1,"RunMS58.MS51.MS45.90s.MS54.GTseq.val.GTseq.prod.merged"
"229","z0195706",NA,317,317,317,317,317,317,NA,1,1,1,1,1,"RunMS58.MS51.merged"
"230","z0195707",NA,318,318,318,318,319,319,NA,0,0,0,0,1,"RunMS58.MS51.MS45.90s.MS54.GTseq.val.GTseq.prod.merged"
"231","z0195708",NA,317,317,317,317,318,318,NA,0,0,0,0,1,"RunMS58.MS51.MS45.90s.MS54.GTseq.val.GTseq.prod.merged"
"232","z0195709",NA,319,319,319,319,319,319,NA,1,1,1,1,1,"RunMS58.MS51.merged"
"233","z0195710",NA,318,318,318,318,319,319,NA,0,0,0,0,1,"RunMS58.MS51.MS45.90s.MS54.GTseq.val.GTseq.prod.merged"
"234","z0195712",NA,319,319,319,319,319,319,NA,1,1,1,1,1,"RunMS58.MS51.merged"
"235","z0195713",NA,322,322,322,322,322,322,NA,1,1,1,1,1,"RunMS58.MS51.merged"
"236","z0195714",NA,318,318,318,318,318,318,NA,1,1,1,1,1,"RunMS58.MS51.merged"
"237","z0195715",NA,311,311,311,311,318,318,NA,0,0,0,0,1,"RunMS58.MS51.MS45.90s.MS54.GTseq.val.GTseq.prod.merged"
"238","z0195717",NA,319,319,319,319,319,319,NA,1,1,1,1,1,"RunMS58.MS51.merged"
"239","z0195720",NA,275,275,275,275,308,308,NA,0,0,0,0,1,"RunMS58.MS51.MS45.90s.MS54.GTseq.val.GTseq.prod.merged"
"240","z0195721",NA,1,1,1,1,1,1,NA,1,1,1,1,1,"RunMS58.MS51.merged"
"241","z0195722",NA,316,316,316,316,320,320,NA,0,0,0,0,1,"RunMS58.MS51.MS45.90s.MS54.GTseq.val.GTseq.prod.merged"
"242","z0195726",NA,233,233,233,265,265,265,NA,0,0,0,1,1,"RunMS58.MS51.MS45.90s.MS54.GTseq.val.merged"
"243","z0195727",NA,289,289,289,289,305,305,NA,0,0,0,0,1,"RunMS58.MS51.MS45.90s.MS54.GTseq.val.GTseq.prod.merged"
"244","z0195729",NA,294,294,294,294,305,305,NA,0,0,0,0,1,"RunMS58.MS51.MS45.90s.MS54.GTseq.val.GTseq.prod.merged"
"245","z0195730",NA,317,317,317,317,317,317,NA,1,1,1,1,1,"RunMS58.MS51.merged"
"246","z0195733",NA,320,320,320,320,321,321,NA,0,0,0,0,1,"RunMS58.MS51.MS45.90s.MS54.GTseq.val.GTseq.prod.merged"
"247","z0195735",NA,321,321,321,321,321,321,NA,1,1,1,1,1,"RunMS58.MS51.merged"
"248","z0195738",NA,319,319,319,319,320,320,NA,0,0,0,0,1,"RunMS58.MS51.MS45.90s.MS54.GTseq.val.GTseq.prod.merged"
"249","z0195739",NA,310,310,310,310,315,315,NA,0,0,0,0,1,"RunMS58.MS51.MS45.90s.MS54.GTseq.val.GTseq.prod.merged"
"250","z0195741",NA,311,311,311,311,311,311,NA,1,1,1,1,1,"RunMS58.MS51.merged"
"251","z0195742",NA,322,322,322,322,322,322,NA,1,1,1,1,1,"RunMS58.MS51.merged"
"252","z0195743",NA,318,318,318,318,318,318,NA,1,1,1,1,1,"RunMS58.MS51.merged"
"253","z0195748",NA,321,321,321,321,321,321,NA,1,1,1,1,1,"RunMS58.MS51.merged"
"254","z0195759",NA,2,2,2,2,2,2,NA,1,1,1,1,1,"RunMS58.MS51.merged"
"255","z0195769",NA,1,1,1,1,1,1,NA,1,1,1,1,1,"RunMS58.MS51.merged"
"256","z0195775",NA,1,1,1,1,1,1,NA,1,1,1,1,1,"RunMS58.MS51.merged"
"257","z0195780",NA,1,1,1,1,2,2,NA,0,0,0,0,1,"RunMS58.MS51.MS45.90s.MS54.GTseq.val.GTseq.prod.merged"
"258","z0195781",NA,5,5,5,5,5,5,NA,1,1,1,1,1,"RunMS58.MS51.merged"
"259","z0195782",NA,43,43,43,43,219,219,NA,0,0,0,0,1,"RunMS58.MS51.MS45.90s.MS54.GTseq.val.GTseq.prod.merged"
"260","z0195787",NA,1,1,1,1,1,1,NA,1,1,1,1,1,"RunMS58.MS51.merged"
"261","z0196707",NA,320,320,320,320,320,320,NA,1,1,1,1,1,"RunMS58.MS51.merged"
"262","z0196708",NA,270,270,270,270,279,279,NA,0,0,0,0,1,"RunMS58.MS51.MS45.90s.MS54.GTseq.val.GTseq.prod.merged"
"263","z0196709",NA,309,309,309,309,312,312,NA,0,0,0,0,1,"RunMS58.MS51.MS45.90s.MS54.GTseq.val.GTseq.prod.merged"
"264","z0196714",NA,319,319,319,319,320,320,NA,0,0,0,0,1,"RunMS58.MS51.MS45.90s.MS54.GTseq.val.GTseq.prod.merged"
"265","z0196718",NA,318,318,318,318,319,319,NA,0,0,0,0,1,"RunMS58.MS51.MS45.90s.MS54.GTseq.val.GTseq.prod.merged"
"266","z0196721",NA,288,288,288,288,288,288,NA,1,1,1,1,1,"RunMS58.MS51.merged"
"267","z0196722",NA,309,309,309,309,317,317,NA,0,0,0,0,1,"RunMS58.MS51.MS45.90s.MS54.GTseq.val.GTseq.prod.merged"
"268","z0196723",NA,111,111,111,111,233,233,NA,0,0,0,0,1,"RunMS58.MS51.MS45.90s.MS54.GTseq.val.GTseq.prod.merged"
"269","z0196726",NA,310,310,310,310,313,313,NA,0,0,0,0,1,"RunMS58.MS51.MS45.90s.MS54.GTseq.val.GTseq.prod.merged"
"270","z0196727",NA,311,311,311,311,319,319,NA,0,0,0,0,1,"RunMS58.MS51.MS45.90s.MS54.GTseq.val.GTseq.prod.merged"
"271","z0196728",NA,317,317,317,317,319,319,NA,0,0,0,0,1,"RunMS58.MS51.MS45.90s.MS54.GTseq.val.GTseq.prod.merged"
"272","z0196730",NA,296,296,296,311,311,311,NA,0,0,0,1,1,"RunMS58.MS51.MS45.90s.MS54.GTseq.val.merged"
"273","z0196732",NA,305,305,305,305,311,311,NA,0,0,0,0,1,"RunMS58.MS51.MS45.90s.MS54.GTseq.val.GTseq.prod.merged"
"274","z0196733",NA,191,191,191,269,269,269,NA,0,0,0,1,1,"RunMS58.MS51.MS45.90s.MS54.GTseq.val.merged"
"275","z0196736",NA,317,317,317,317,319,319,NA,0,0,0,0,1,"RunMS58.MS51.MS45.90s.MS54.GTseq.val.GTseq.prod.merged"
"276","z0196737",NA,299,299,299,299,305,305,NA,0,0,0,0,1,"RunMS58.MS51.MS45.90s.MS54.GTseq.val.GTseq.prod.merged"
"277","z0196738",NA,215,215,215,215,266,266,NA,0,0,0,0,1,"RunMS58.MS51.MS45.90s.MS54.GTseq.val.GTseq.prod.merged"
"278","z0196741",NA,261,261,261,261,267,267,NA,0,0,0,0,1,"RunMS58.MS51.MS45.90s.MS54.GTseq.val.GTseq.prod.merged"
"279","z0196742",NA,319,319,319,319,319,319,NA,1,1,1,1,1,"RunMS58.MS51.merged"
"280","z0196743",NA,300,300,300,300,313,313,NA,0,0,0,0,1,"RunMS58.MS51.MS45.90s.MS54.GTseq.val.GTseq.prod.merged"
"281","z0196744",NA,306,306,306,306,313,313,NA,0,0,0,0,1,"RunMS58.MS51.MS45.90s.MS54.GTseq.val.GTseq.prod.merged"
"282","z0196746",NA,312,312,312,313,313,313,NA,0,0,0,1,1,"RunMS58.MS51.MS45.90s.MS54.GTseq.val.merged"
"283","z0196747",NA,304,304,304,304,307,307,NA,0,0,0,0,1,"RunMS58.MS51.MS45.90s.MS54.GTseq.val.GTseq.prod.merged"
"284","z0196748",NA,312,312,312,312,316,316,NA,0,0,0,0,1,"RunMS58.MS51.MS45.90s.MS54.GTseq.val.GTseq.prod.merged"
"285","z0196749",NA,318,318,318,318,318,318,NA,1,1,1,1,1,"RunMS58.MS51.merged"
"286","z0196750",NA,301,301,301,301,302,302,NA,0,0,0,0,1,"RunMS58.MS51.MS45.90s.MS54.GTseq.val.GTseq.prod.merged"
"287","z0196753",NA,311,311,311,311,316,316,NA,0,0,0,0,1,"RunMS58.MS51.MS45.90s.MS54.GTseq.val.GTseq.prod.merged"
"288","z0196755",NA,311,311,311,311,315,315,NA,0,0,0,0,1,"RunMS58.MS51.MS45.90s.MS54.GTseq.val.GTseq.prod.merged"
"289","z0196756",NA,319,319,319,319,320,320,NA,0,0,0,0,1,"RunMS58.MS51.MS45.90s.MS54.GTseq.val.GTseq.prod.merged"
"290","z0196757",NA,318,318,318,318,318,318,NA,1,1,1,1,1,"RunMS58.MS51.merged"
"291","z0196758",NA,315,315,315,315,315,315,NA,1,1,1,1,1,"RunMS58.MS51.merged"
"292","z0196759",NA,297,297,297,297,311,311,NA,0,0,0,0,1,"RunMS58.MS51.MS45.90s.MS54.GTseq.val.GTseq.prod.merged"
"293","z0196760",NA,316,316,316,316,319,319,NA,0,0,0,0,1,"RunMS58.MS51.MS45.90s.MS54.GTseq.val.GTseq.prod.merged"
"294","z0196761",NA,303,303,303,303,311,311,NA,0,0,0,0,1,"RunMS58.MS51.MS45.90s.MS54.GTseq.val.GTseq.prod.merged"
"295","z0196762",NA,311,311,311,311,312,312,NA,0,0,0,0,1,"RunMS58.MS51.MS45.90s.MS54.GTseq.val.GTseq.prod.merged"
"296","z0196765",NA,310,310,310,310,318,318,NA,0,0,0,0,1,"RunMS58.MS51.MS45.90s.MS54.GTseq.val.GTseq.prod.merged"
"297","z0196767",NA,307,307,307,307,311,311,NA,0,0,0,0,1,"RunMS58.MS51.MS45.90s.MS54.GTseq.val.GTseq.prod.merged"
"298","z0196768",NA,307,307,307,307,314,314,NA,0,0,0,0,1,"RunMS58.MS51.MS45.90s.MS54.GTseq.val.GTseq.prod.merged"
"299","z0196770",NA,283,283,283,283,291,291,NA,0,0,0,0,1,"RunMS58.MS51.MS45.90s.MS54.GTseq.val.GTseq.prod.merged"
"300","z0196772",NA,313,313,313,313,319,319,NA,0,0,0,0,1,"RunMS58.MS51.MS45.90s.MS54.GTseq.val.GTseq.prod.merged"
"301","z0196773",NA,304,304,304,304,309,309,NA,0,0,0,0,1,"RunMS58.MS51.MS45.90s.MS54.GTseq.val.GTseq.prod.merged"
"302","z0196775",NA,313,313,313,313,314,314,NA,0,0,0,0,1,"RunMS58.MS51.MS45.90s.MS54.GTseq.val.GTseq.prod.merged"
"303","z0196777",NA,315,315,315,315,316,316,NA,0,0,0,0,1,"RunMS58.MS51.MS45.90s.MS54.GTseq.val.GTseq.prod.merged"
"304","z0196778",NA,314,314,314,314,314,314,NA,1,1,1,1,1,"RunMS58.MS51.merged"
"305","z0196781",NA,315,315,315,315,315,315,NA,1,1,1,1,1,"RunMS58.MS51.merged"
"306","z0196783",NA,319,319,319,319,319,319,NA,1,1,1,1,1,"RunMS58.MS51.merged"
"307","z0196792",NA,1,1,1,1,278,278,NA,0,0,0,0,1,"RunMS58.MS51.MS45.90s.MS54.GTseq.val.GTseq.prod.merged"
"308","z0196793",NA,260,260,260,260,304,304,NA,0,0,0,0,1,"RunMS58.MS51.MS45.90s.MS54.GTseq.val.GTseq.prod.merged"
"309","z0196794",NA,306,306,306,314,314,314,NA,0,0,0,1,1,"RunMS58.MS51.MS45.90s.MS54.GTseq.val.merged"
"310","z0196795",NA,273,273,273,273,301,301,NA,0,0,0,0,1,"RunMS58.MS51.MS45.90s.MS54.GTseq.val.GTseq.prod.merged"
"311","z0196800",NA,226,226,226,226,274,274,NA,0,0,0,0,1,"RunMS58.MS51.MS45.90s.MS54.GTseq.val.GTseq.prod.merged"
"312","z0196804",NA,270,270,270,270,270,270,NA,1,1,1,1,1,"RunMS58.MS51.merged"
"313","z0196806",NA,137,137,137,137,222,222,NA,0,0,0,0,1,"RunMS58.MS51.MS45.90s.MS54.GTseq.val.GTseq.prod.merged"
"314","z0196812",NA,104,104,104,104,265,265,NA,0,0,0,0,1,"RunMS58.MS51.MS45.90s.MS54.GTseq.val.GTseq.prod.merged"
"315","z0196822",NA,317,317,317,317,317,317,NA,1,1,1,1,1,"RunMS58.MS51.merged"
"316","z0196823",NA,318,318,318,318,320,320,NA,0,0,0,0,1,"RunMS58.MS51.MS45.90s.MS54.GTseq.val.GTseq.prod.merged"
"317","z0196826",NA,312,312,312,312,313,313,NA,0,0,0,0,1,"RunMS58.MS51.MS45.90s.MS54.GTseq.val.GTseq.prod.merged"
"318","z0196830",NA,215,215,215,215,287,287,NA,0,0,0,0,1,"RunMS58.MS51.MS45.90s.MS54.GTseq.val.GTseq.prod.merged"
"319","z0196831",NA,309,309,309,309,314,314,NA,0,0,0,0,1,"RunMS58.MS51.MS45.90s.MS54.GTseq.val.GTseq.prod.merged"
"320","z0196832",NA,240,240,240,240,244,244,NA,0,0,0,0,1,"RunMS58.MS51.MS45.90s.MS54.GTseq.val.GTseq.prod.merged"
"321","z0196833",NA,319,319,319,319,319,319,NA,1,1,1,1,1,"RunMS58.MS51.merged"
"322","z0196840",NA,1,1,1,1,12,12,NA,0,0,0,0,1,"RunMS58.MS51.MS45.90s.MS54.GTseq.val.GTseq.prod.merged"
"323","z0196842",NA,114,114,114,114,258,258,NA,0,0,0,0,1,"RunMS58.MS51.MS45.90s.MS54.GTseq.val.GTseq.prod.merged"
"324","z0196844",NA,1,1,1,1,246,246,NA,0,0,0,0,1,"RunMS58.MS51.MS45.90s.MS54.GTseq.val.GTseq.prod.merged"
"325","z0196845",NA,16,16,16,16,270,270,NA,0,0,0,0,1,"RunMS58.MS51.MS45.90s.MS54.GTseq.val.GTseq.prod.merged"
"326","z0196848",NA,317,317,317,317,320,320,NA,0,0,0,0,1,"RunMS58.MS51.MS45.90s.MS54.GTseq.val.GTseq.prod.merged"
"327","z0196850",NA,1,1,1,1,247,247,NA,0,0,0,0,1,"RunMS58.MS51.MS45.90s.MS54.GTseq.val.GTseq.prod.merged"
"328","z0196854",NA,319,319,319,319,319,319,NA,1,1,1,1,1,"RunMS58.MS51.merged"
"329","z0196858",NA,165,165,165,165,295,295,NA,0,0,0,0,1,"RunMS58.MS51.MS45.90s.MS54.GTseq.val.GTseq.prod.merged"
"330","z0196859",NA,320,320,320,320,320,320,NA,1,1,1,1,1,"RunMS58.MS51.merged"
"331","z0196860",NA,317,317,317,317,319,319,NA,0,0,0,0,1,"RunMS58.MS51.MS45.90s.MS54.GTseq.val.GTseq.prod.merged"
"332","z0196861",NA,318,318,318,318,319,319,NA,0,0,0,0,1,"RunMS58.MS51.MS45.90s.MS54.GTseq.val.GTseq.prod.merged"
"333","z0196862",NA,317,317,317,317,317,317,NA,1,1,1,1,1,"RunMS58.MS51.merged"
"334","z0196863",NA,311,311,311,311,313,313,NA,0,0,0,0,1,"RunMS58.MS51.MS45.90s.MS54.GTseq.val.GTseq.prod.merged"
"335","z0196865",NA,313,313,313,313,315,315,NA,0,0,0,0,1,"RunMS58.MS51.MS45.90s.MS54.GTseq.val.GTseq.prod.merged"
"336","z0196886",NA,248,248,248,248,279,279,NA,0,0,0,0,1,"RunMS58.MS51.MS45.90s.MS54.GTseq.val.GTseq.prod.merged"
"337","z0196888",NA,1,1,1,1,1,1,NA,1,1,1,1,1,"RunMS58.MS51.merged"
"338","z0196889",NA,1,1,1,1,3,3,NA,0,0,0,0,1,"RunMS58.MS51.MS45.90s.MS54.GTseq.val.GTseq.prod.merged"
"339","z0196892",NA,28,28,28,28,261,261,NA,0,0,0,0,1,"RunMS58.MS51.MS45.90s.MS54.GTseq.val.GTseq.prod.merged"
"340","z0197658",NA,308,308,308,308,308,308,NA,1,1,1,1,1,"RunMS58.MS51.merged"
"341","z0197659",NA,266,266,266,266,267,267,NA,0,0,0,0,1,"RunMS58.MS51.MS45.90s.MS54.GTseq.val.GTseq.prod.merged"
"342","z0197662",NA,277,277,277,313,313,313,NA,0,0,0,1,1,"RunMS58.MS51.MS45.90s.MS54.GTseq.val.merged"
"343","z0197665",NA,313,314,314,314,314,314,NA,0,1,1,1,1,"RunMS58.MS51.MS45.90s.merged"
"344","z0197671",NA,270,270,270,270,270,270,NA,1,1,1,1,1,"RunMS58.MS51.merged"
"345","z0197673",NA,294,294,294,294,312,312,NA,0,0,0,0,1,"RunMS58.MS51.MS45.90s.MS54.GTseq.val.GTseq.prod.merged"
"346","z0197679",NA,319,319,319,319,319,319,NA,1,1,1,1,1,"RunMS58.MS51.merged"
"347","z0040513",NA,NA,103,239,239,241,241,NA,NA,0,0,0,1,"RunMS58.MS51.MS45.90s.MS54.GTseq.val.GTseq.prod.merged"
"348","z0043839",NA,NA,248,262,262,264,264,NA,NA,0,0,0,1,"RunMS58.MS51.MS45.90s.MS54.GTseq.val.GTseq.prod.merged"
"349","z0043980",NA,NA,208,318,318,318,318,NA,NA,0,1,1,1,"RunMS58.MS51.MS45.90s.MS54.merged"
"350","z0045405",NA,NA,305,305,305,305,305,NA,NA,1,1,1,1,"RunMS58.MS51.MS45.90s.merged"
"351","z0047854",NA,NA,315,317,317,317,317,NA,NA,0,1,1,1,"RunMS58.MS51.MS45.90s.MS54.merged"
"352","z0053100",NA,NA,268,295,299,299,299,NA,NA,0,0,1,1,"RunMS58.MS51.MS45.90s.MS54.GTseq.val.merged"
"353","z0055903",NA,NA,289,318,318,318,318,NA,NA,0,1,1,1,"RunMS58.MS51.MS45.90s.MS54.merged"
"354","z0055931",NA,NA,250,310,310,311,311,NA,NA,0,0,0,1,"RunMS58.MS51.MS45.90s.MS54.GTseq.val.GTseq.prod.merged"
"355","z0075696",NA,NA,165,298,300,300,300,NA,NA,0,0,1,1,"RunMS58.MS51.MS45.90s.MS54.GTseq.val.merged"
"356","z0175371",NA,NA,289,316,316,316,316,NA,NA,0,1,1,1,"RunMS58.MS51.MS45.90s.MS54.merged"
"357","z0012701",NA,NA,NA,285,285,319,319,NA,NA,NA,0,0,1,"RunMS58.MS51.MS45.90s.MS54.GTseq.val.GTseq.prod.merged"
"358","z0012702",NA,NA,NA,164,291,291,291,NA,NA,NA,0,1,1,"RunMS58.MS51.MS45.90s.MS54.GTseq.val.merged"
"359","z0016579",NA,NA,NA,315,315,316,316,NA,NA,NA,0,0,1,"RunMS58.MS51.MS45.90s.MS54.GTseq.val.GTseq.prod.merged"
"360","z0025405",NA,NA,NA,1,1,1,1,NA,NA,NA,1,1,1,"RunMS58.MS51.MS45.90s.MS54.merged"
"361","z0029861",NA,NA,NA,4,4,5,5,NA,NA,NA,0,0,1,"RunMS58.MS51.MS45.90s.MS54.GTseq.val.GTseq.prod.merged"
"362","z0029865",NA,NA,NA,277,277,277,277,NA,NA,NA,1,1,1,"RunMS58.MS51.MS45.90s.MS54.merged"
"363","z0029866",NA,NA,NA,1,1,1,1,NA,NA,NA,1,1,1,"RunMS58.MS51.MS45.90s.MS54.merged"
"364","z0037607",NA,NA,NA,315,315,315,315,NA,NA,NA,1,1,1,"RunMS58.MS51.MS45.90s.MS54.merged"
"365","z0037609",NA,NA,NA,238,238,239,239,NA,NA,NA,0,0,1,"RunMS58.MS51.MS45.90s.MS54.GTseq.val.GTseq.prod.merged"
"366","z0037610",NA,NA,NA,1,1,1,1,NA,NA,NA,1,1,1,"RunMS58.MS51.MS45.90s.MS54.merged"
"367","z0040275",NA,NA,NA,65,65,293,293,NA,NA,NA,0,0,1,"RunMS58.MS51.MS45.90s.MS54.GTseq.val.GTseq.prod.merged"
"368","z0040287",NA,NA,NA,287,287,308,308,NA,NA,NA,0,0,1,"RunMS58.MS51.MS45.90s.MS54.GTseq.val.GTseq.prod.merged"
"369","z0040333",NA,NA,NA,313,317,317,317,NA,NA,NA,0,1,1,"RunMS58.MS51.MS45.90s.MS54.GTseq.val.merged"
"370","z0040357",NA,NA,NA,291,291,303,303,NA,NA,NA,0,0,1,"RunMS58.MS51.MS45.90s.MS54.GTseq.val.GTseq.prod.merged"
"371","z0040364",NA,NA,NA,319,321,321,321,NA,NA,NA,0,1,1,"RunMS58.MS51.MS45.90s.MS54.GTseq.val.merged"
"372","z0040403",NA,NA,NA,2,2,272,272,NA,NA,NA,0,0,1,"RunMS58.MS51.MS45.90s.MS54.GTseq.val.GTseq.prod.merged"
"373","z0040439",NA,NA,NA,322,322,322,322,NA,NA,NA,1,1,1,"RunMS58.MS51.MS45.90s.MS54.merged"
"374","z0040465",NA,NA,NA,143,143,255,255,NA,NA,NA,0,0,1,"RunMS58.MS51.MS45.90s.MS54.GTseq.val.GTseq.prod.merged"
"375","z0040960",NA,NA,NA,1,1,1,1,NA,NA,NA,1,1,1,"RunMS58.MS51.MS45.90s.MS54.merged"
"376","z0040961",NA,NA,NA,281,281,281,281,NA,NA,NA,1,1,1,"RunMS58.MS51.MS45.90s.MS54.merged"
"377","z0041026",NA,NA,NA,321,321,321,321,NA,NA,NA,1,1,1,"RunMS58.MS51.MS45.90s.MS54.merged"
"378","z0041051",NA,NA,NA,122,214,214,214,NA,NA,NA,0,1,1,"RunMS58.MS51.MS45.90s.MS54.GTseq.val.merged"
"379","z0041115",NA,NA,NA,298,298,298,298,NA,NA,NA,1,1,1,"RunMS58.MS51.MS45.90s.MS54.merged"
"380","z0041145",NA,NA,NA,1,1,3,3,NA,NA,NA,0,0,1,"RunMS58.MS51.MS45.90s.MS54.GTseq.val.GTseq.prod.merged"
"381","z0041233",NA,NA,NA,307,307,309,309,NA,NA,NA,0,0,1,"RunMS58.MS51.MS45.90s.MS54.GTseq.val.GTseq.prod.merged"
"382","z0041465",NA,NA,NA,93,93,269,269,NA,NA,NA,0,0,1,"RunMS58.MS51.MS45.90s.MS54.GTseq.val.GTseq.prod.merged"
"383","z0041472",NA,NA,NA,314,314,314,314,NA,NA,NA,1,1,1,"RunMS58.MS51.MS45.90s.MS54.merged"
"384","z0041480",NA,NA,NA,275,275,290,290,NA,NA,NA,0,0,1,"RunMS58.MS51.MS45.90s.MS54.GTseq.val.GTseq.prod.merged"
"385","z0041483",NA,NA,NA,321,321,321,321,NA,NA,NA,1,1,1,"RunMS58.MS51.MS45.90s.MS54.merged"
"386","z0041494",NA,NA,NA,31,31,280,280,NA,NA,NA,0,0,1,"RunMS58.MS51.MS45.90s.MS54.GTseq.val.GTseq.prod.merged"
"387","z0041498",NA,NA,NA,315,315,317,317,NA,NA,NA,0,0,1,"RunMS58.MS51.MS45.90s.MS54.GTseq.val.GTseq.prod.merged"
"388","z0041501",NA,NA,NA,316,316,317,317,NA,NA,NA,0,0,1,"RunMS58.MS51.MS45.90s.MS54.GTseq.val.GTseq.prod.merged"
"389","z0041507",NA,NA,NA,288,288,297,297,NA,NA,NA,0,0,1,"RunMS58.MS51.MS45.90s.MS54.GTseq.val.GTseq.prod.merged"
"390","z0041512",NA,NA,NA,321,321,321,321,NA,NA,NA,1,1,1,"RunMS58.MS51.MS45.90s.MS54.merged"
"391","z0041522",NA,NA,NA,264,264,264,264,NA,NA,NA,1,1,1,"RunMS58.MS51.MS45.90s.MS54.merged"
"392","z0041527",NA,NA,NA,206,206,271,271,NA,NA,NA,0,0,1,"RunMS58.MS51.MS45.90s.MS54.GTseq.val.GTseq.prod.merged"
"393","z0043475",NA,NA,NA,263,263,263,263,NA,NA,NA,1,1,1,"RunMS58.MS51.MS45.90s.MS54.merged"
"394","z0043477",NA,NA,NA,322,322,322,322,NA,NA,NA,1,1,1,"RunMS58.MS51.MS45.90s.MS54.merged"
"395","z0043478",NA,NA,NA,311,311,313,313,NA,NA,NA,0,0,1,"RunMS58.MS51.MS45.90s.MS54.GTseq.val.GTseq.prod.merged"
"396","z0043481",NA,NA,NA,320,320,320,320,NA,NA,NA,1,1,1,"RunMS58.MS51.MS45.90s.MS54.merged"
"397","z0043487",NA,NA,NA,1,1,6,6,NA,NA,NA,0,0,1,"RunMS58.MS51.MS45.90s.MS54.GTseq.val.GTseq.prod.merged"
"398","z0043488",NA,NA,NA,7,7,11,11,NA,NA,NA,0,0,1,"RunMS58.MS51.MS45.90s.MS54.GTseq.val.GTseq.prod.merged"
"399","z0043491",NA,NA,NA,14,14,280,280,NA,NA,NA,0,0,1,"RunMS58.MS51.MS45.90s.MS54.GTseq.val.GTseq.prod.merged"
"400","z0043493",NA,NA,NA,313,313,313,313,NA,NA,NA,1,1,1,"RunMS58.MS51.MS45.90s.MS54.merged"
"401","z0043504",NA,NA,NA,1,1,298,298,NA,NA,NA,0,0,1,"RunMS58.MS51.MS45.90s.MS54.GTseq.val.GTseq.prod.merged"
"402","z0043513",NA,NA,NA,12,12,14,14,NA,NA,NA,0,0,1,"RunMS58.MS51.MS45.90s.MS54.GTseq.val.GTseq.prod.merged"
"403","z0043526",NA,NA,NA,304,304,309,309,NA,NA,NA,0,0,1,"RunMS58.MS51.MS45.90s.MS54.GTseq.val.GTseq.prod.merged"
"404","z0043572",NA,NA,NA,322,322,322,322,NA,NA,NA,1,1,1,"RunMS58.MS51.MS45.90s.MS54.merged"
"405","z0043627",NA,NA,NA,23,23,23,23,NA,NA,NA,1,1,1,"RunMS58.MS51.MS45.90s.MS54.merged"
"406","z0043642",NA,NA,NA,316,316,318,318,NA,NA,NA,0,0,1,"RunMS58.MS51.MS45.90s.MS54.GTseq.val.GTseq.prod.merged"
"407","z0043649",NA,NA,NA,314,314,316,316,NA,NA,NA,0,0,1,"RunMS58.MS51.MS45.90s.MS54.GTseq.val.GTseq.prod.merged"
"408","z0043652",NA,NA,NA,317,317,317,317,NA,NA,NA,1,1,1,"RunMS58.MS51.MS45.90s.MS54.merged"
"409","z0043807",NA,NA,NA,318,318,318,318,NA,NA,NA,1,1,1,"RunMS58.MS51.MS45.90s.MS54.merged"
"410","z0043876",NA,NA,NA,36,36,296,296,NA,NA,NA,0,0,1,"RunMS58.MS51.MS45.90s.MS54.GTseq.val.GTseq.prod.merged"
"411","z0043877",NA,NA,NA,213,213,212,213,NA,NA,NA,1,1,0,"RunMS58.MS51.MS45.90s.MS54.merged"
"412","z0043891",NA,NA,NA,129,129,251,251,NA,NA,NA,0,0,1,"RunMS58.MS51.MS45.90s.MS54.GTseq.val.GTseq.prod.merged"
"413","z0043898",NA,NA,NA,1,1,1,1,NA,NA,NA,1,1,1,"RunMS58.MS51.MS45.90s.MS54.merged"
"414","z0043904",NA,NA,NA,1,1,1,1,NA,NA,NA,1,1,1,"RunMS58.MS51.MS45.90s.MS54.merged"
"415","z0043915",NA,NA,NA,212,212,212,212,NA,NA,NA,1,1,1,"RunMS58.MS51.MS45.90s.MS54.merged"
"416","z0043940",NA,NA,NA,189,189,288,288,NA,NA,NA,0,0,1,"RunMS58.MS51.MS45.90s.MS54.GTseq.val.GTseq.prod.merged"
"417","z0043954",NA,NA,NA,316,316,316,316,NA,NA,NA,1,1,1,"RunMS58.MS51.MS45.90s.MS54.merged"
"418","z0043966",NA,NA,NA,283,303,303,303,NA,NA,NA,0,1,1,"RunMS58.MS51.MS45.90s.MS54.GTseq.val.merged"
"419","z0044017",NA,NA,NA,276,276,282,282,NA,NA,NA,0,0,1,"RunMS58.MS51.MS45.90s.MS54.GTseq.val.GTseq.prod.merged"
"420","z0044019",NA,NA,NA,274,274,274,274,NA,NA,NA,1,1,1,"RunMS58.MS51.MS45.90s.MS54.merged"
"421","z0044042",NA,NA,NA,307,307,308,308,NA,NA,NA,0,0,1,"RunMS58.MS51.MS45.90s.MS54.GTseq.val.GTseq.prod.merged"
"422","z0044044",NA,NA,NA,1,1,1,1,NA,NA,NA,1,1,1,"RunMS58.MS51.MS45.90s.MS54.merged"
"423","z0044047",NA,NA,NA,237,237,237,237,NA,NA,NA,1,1,1,"RunMS58.MS51.MS45.90s.MS54.merged"
"424","z0044059",NA,NA,NA,4,4,6,6,NA,NA,NA,0,0,1,"RunMS58.MS51.MS45.90s.MS54.GTseq.val.GTseq.prod.merged"
"425","z0044064",NA,NA,NA,214,214,277,277,NA,NA,NA,0,0,1,"RunMS58.MS51.MS45.90s.MS54.GTseq.val.GTseq.prod.merged"
"426","z0045326",NA,NA,NA,322,322,322,322,NA,NA,NA,1,1,1,"RunMS58.MS51.MS45.90s.MS54.merged"
"427","z0045352",NA,NA,NA,307,307,310,310,NA,NA,NA,0,0,1,"RunMS58.MS51.MS45.90s.MS54.GTseq.val.GTseq.prod.merged"
"428","z0045371",NA,NA,NA,314,314,317,317,NA,NA,NA,0,0,1,"RunMS58.MS51.MS45.90s.MS54.GTseq.val.GTseq.prod.merged"
"429","z0045399",NA,NA,NA,317,317,317,317,NA,NA,NA,1,1,1,"RunMS58.MS51.MS45.90s.MS54.merged"
"430","z0045404",NA,NA,NA,320,320,320,320,NA,NA,NA,1,1,1,"RunMS58.MS51.MS45.90s.MS54.merged"
"431","z0045719",NA,NA,NA,320,320,320,320,NA,NA,NA,1,1,1,"RunMS58.MS51.MS45.90s.MS54.merged"
"432","z0045720",NA,NA,NA,316,316,316,316,NA,NA,NA,1,1,1,"RunMS58.MS51.MS45.90s.MS54.merged"
"433","z0045728",NA,NA,NA,320,320,319,320,NA,NA,NA,1,1,0,"RunMS58.MS51.MS45.90s.MS54.merged"
"434","z0045731",NA,NA,NA,318,318,319,319,NA,NA,NA,0,0,1,"RunMS58.MS51.MS45.90s.MS54.GTseq.val.GTseq.prod.merged"
"435","z0045733",NA,NA,NA,319,319,319,319,NA,NA,NA,1,1,1,"RunMS58.MS51.MS45.90s.MS54.merged"
"436","z0045736",NA,NA,NA,318,318,318,318,NA,NA,NA,1,1,1,"RunMS58.MS51.MS45.90s.MS54.merged"
"437","z0045739",NA,NA,NA,316,316,316,316,NA,NA,NA,1,1,1,"RunMS58.MS51.MS45.90s.MS54.merged"
"438","z0045740",NA,NA,NA,317,317,318,318,NA,NA,NA,0,0,1,"RunMS58.MS51.MS45.90s.MS54.GTseq.val.GTseq.prod.merged"
"439","z0045741",NA,NA,NA,320,320,320,320,NA,NA,NA,1,1,1,"RunMS58.MS51.MS45.90s.MS54.merged"
"440","z0045742",NA,NA,NA,319,319,319,319,NA,NA,NA,1,1,1,"RunMS58.MS51.MS45.90s.MS54.merged"
"441","z0045776",NA,NA,NA,320,320,320,320,NA,NA,NA,1,1,1,"RunMS58.MS51.MS45.90s.MS54.merged"
"442","z0045779",NA,NA,NA,308,308,320,320,NA,NA,NA,0,0,1,"RunMS58.MS51.MS45.90s.MS54.GTseq.val.GTseq.prod.merged"
"443","z0045781",NA,NA,NA,320,320,320,320,NA,NA,NA,1,1,1,"RunMS58.MS51.MS45.90s.MS54.merged"
"444","z0045793",NA,NA,NA,321,321,321,321,NA,NA,NA,1,1,1,"RunMS58.MS51.MS45.90s.MS54.merged"
"445","z0047562",NA,NA,NA,249,272,272,272,NA,NA,NA,0,1,1,"RunMS58.MS51.MS45.90s.MS54.GTseq.val.merged"
"446","z0047587",NA,NA,NA,1,1,1,1,NA,NA,NA,1,1,1,"RunMS58.MS51.MS45.90s.MS54.merged"
"447","z0047603",NA,NA,NA,1,1,1,1,NA,NA,NA,1,1,1,"RunMS58.MS51.MS45.90s.MS54.merged"
"448","z0049019",NA,NA,NA,314,314,314,314,NA,NA,NA,1,1,1,"RunMS58.MS51.MS45.90s.MS54.merged"
"449","z0049020",NA,NA,NA,317,317,317,317,NA,NA,NA,1,1,1,"RunMS58.MS51.MS45.90s.MS54.merged"
"450","z0051327",NA,NA,NA,310,310,310,310,NA,NA,NA,1,1,1,"RunMS58.MS51.MS45.90s.MS54.merged"
"451","z0051399",NA,NA,NA,1,1,1,1,NA,NA,NA,1,1,1,"RunMS58.MS51.MS45.90s.MS54.merged"
"452","z0051400",NA,NA,NA,319,319,319,319,NA,NA,NA,1,1,1,"RunMS58.MS51.MS45.90s.MS54.merged"
"453","z0051431",NA,NA,NA,3,247,247,247,NA,NA,NA,0,1,1,"RunMS58.MS51.MS45.90s.MS54.GTseq.val.merged"
"454","z0051447",NA,NA,NA,1,1,1,1,NA,NA,NA,1,1,1,"RunMS58.MS51.MS45.90s.MS54.merged"
"455","z0051885",NA,NA,NA,296,296,296,296,NA,NA,NA,1,1,1,"RunMS58.MS51.MS45.90s.MS54.merged"
"456","z0051888",NA,NA,NA,318,318,318,318,NA,NA,NA,1,1,1,"RunMS58.MS51.MS45.90s.MS54.merged"
"457","z0051906",NA,NA,NA,1,1,1,1,NA,NA,NA,1,1,1,"RunMS58.MS51.MS45.90s.MS54.merged"
"458","z0052846",NA,NA,NA,320,320,320,320,NA,NA,NA,1,1,1,"RunMS58.MS51.MS45.90s.MS54.merged"
"459","z0052882",NA,NA,NA,317,317,317,317,NA,NA,NA,1,1,1,"RunMS58.MS51.MS45.90s.MS54.merged"
"460","z0053020",NA,NA,NA,224,251,251,251,NA,NA,NA,0,1,1,"RunMS58.MS51.MS45.90s.MS54.GTseq.val.merged"
"461","z0053024",NA,NA,NA,268,278,278,278,NA,NA,NA,0,1,1,"RunMS58.MS51.MS45.90s.MS54.GTseq.val.merged"
"462","z0053031",NA,NA,NA,317,318,318,318,NA,NA,NA,0,1,1,"RunMS58.MS51.MS45.90s.MS54.GTseq.val.merged"
"463","z0053032",NA,NA,NA,315,318,318,318,NA,NA,NA,0,1,1,"RunMS58.MS51.MS45.90s.MS54.GTseq.val.merged"
"464","z0053040",NA,NA,NA,293,303,303,303,NA,NA,NA,0,1,1,"RunMS58.MS51.MS45.90s.MS54.GTseq.val.merged"
"465","z0053051",NA,NA,NA,319,319,319,319,NA,NA,NA,1,1,1,"RunMS58.MS51.MS45.90s.MS54.merged"
"466","z0053054",NA,NA,NA,303,303,303,303,NA,NA,NA,1,1,1,"RunMS58.MS51.MS45.90s.MS54.merged"
"467","z0053071",NA,NA,NA,309,312,312,312,NA,NA,NA,0,1,1,"RunMS58.MS51.MS45.90s.MS54.GTseq.val.merged"
"468","z0053073",NA,NA,NA,313,313,314,314,NA,NA,NA,0,0,1,"RunMS58.MS51.MS45.90s.MS54.GTseq.val.GTseq.prod.merged"
"469","z0053078",NA,NA,NA,319,319,319,319,NA,NA,NA,1,1,1,"RunMS58.MS51.MS45.90s.MS54.merged"
"470","z0053083",NA,NA,NA,230,279,279,279,NA,NA,NA,0,1,1,"RunMS58.MS51.MS45.90s.MS54.GTseq.val.merged"
"471","z0053090",NA,NA,NA,268,286,286,286,NA,NA,NA,0,1,1,"RunMS58.MS51.MS45.90s.MS54.GTseq.val.merged"
"472","z0053102",NA,NA,NA,286,291,291,291,NA,NA,NA,0,1,1,"RunMS58.MS51.MS45.90s.MS54.GTseq.val.merged"
"473","z0053103",NA,NA,NA,319,319,318,319,NA,NA,NA,1,1,0,"RunMS58.MS51.MS45.90s.MS54.merged"
"474","z0053111",NA,NA,NA,309,315,315,315,NA,NA,NA,0,1,1,"RunMS58.MS51.MS45.90s.MS54.GTseq.val.merged"
"475","z0053131",NA,NA,NA,320,320,320,320,NA,NA,NA,1,1,1,"RunMS58.MS51.MS45.90s.MS54.merged"
"476","z0053132",NA,NA,NA,320,320,320,320,NA,NA,NA,1,1,1,"RunMS58.MS51.MS45.90s.MS54.merged"
"477","z0053142",NA,NA,NA,301,310,310,310,NA,NA,NA,0,1,1,"RunMS58.MS51.MS45.90s.MS54.GTseq.val.merged"
"478","z0055912",NA,NA,NA,280,280,297,297,NA,NA,NA,0,0,1,"RunMS58.MS51.MS45.90s.MS54.GTseq.val.GTseq.prod.merged"
"479","z0055916",NA,NA,NA,267,267,267,267,NA,NA,NA,1,1,1,"RunMS58.MS51.MS45.90s.MS54.merged"
"480","z0055944",NA,NA,NA,309,309,311,311,NA,NA,NA,0,0,1,"RunMS58.MS51.MS45.90s.MS54.GTseq.val.GTseq.prod.merged"
"481","z0055962",NA,NA,NA,249,249,300,300,NA,NA,NA,0,0,1,"RunMS58.MS51.MS45.90s.MS54.GTseq.val.GTseq.prod.merged"
"482","z0055971",NA,NA,NA,297,297,297,297,NA,NA,NA,1,1,1,"RunMS58.MS51.MS45.90s.MS54.merged"
"483","z0055977",NA,NA,NA,244,244,300,300,NA,NA,NA,0,0,1,"RunMS58.MS51.MS45.90s.MS54.GTseq.val.GTseq.prod.merged"
"484","z0055996",NA,NA,NA,308,312,312,312,NA,NA,NA,0,1,1,"RunMS58.MS51.MS45.90s.MS54.GTseq.val.merged"
"485","z0055997",NA,NA,NA,301,307,307,307,NA,NA,NA,0,1,1,"RunMS58.MS51.MS45.90s.MS54.GTseq.val.merged"
"486","z0055998",NA,NA,NA,303,308,308,308,NA,NA,NA,0,1,1,"RunMS58.MS51.MS45.90s.MS54.GTseq.val.merged"
"487","z0055999",NA,NA,NA,314,314,313,314,NA,NA,NA,1,1,0,"RunMS58.MS51.MS45.90s.MS54.merged"
"488","z0056056",NA,NA,NA,195,195,236,236,NA,NA,NA,0,0,1,"RunMS58.MS51.MS45.90s.MS54.GTseq.val.GTseq.prod.merged"
"489","z0056059",NA,NA,NA,248,248,294,294,NA,NA,NA,0,0,1,"RunMS58.MS51.MS45.90s.MS54.GTseq.val.GTseq.prod.merged"
"490","z0056062",NA,NA,NA,303,303,317,317,NA,NA,NA,0,0,1,"RunMS58.MS51.MS45.90s.MS54.GTseq.val.GTseq.prod.merged"
"491","z0056085",NA,NA,NA,316,316,317,317,NA,NA,NA,0,0,1,"RunMS58.MS51.MS45.90s.MS54.GTseq.val.GTseq.prod.merged"
"492","z0056089",NA,NA,NA,7,7,19,19,NA,NA,NA,0,0,1,"RunMS58.MS51.MS45.90s.MS54.GTseq.val.GTseq.prod.merged"
"493","z0056092",NA,NA,NA,315,315,315,315,NA,NA,NA,1,1,1,"RunMS58.MS51.MS45.90s.MS54.merged"
"494","z0056095",NA,NA,NA,308,308,314,314,NA,NA,NA,0,0,1,"RunMS58.MS51.MS45.90s.MS54.GTseq.val.GTseq.prod.merged"
"495","z0061967",NA,NA,NA,317,317,317,317,NA,NA,NA,1,1,1,"RunMS58.MS51.MS45.90s.MS54.merged"
"496","z0061978",NA,NA,NA,1,1,1,1,NA,NA,NA,1,1,1,"RunMS58.MS51.MS45.90s.MS54.merged"
"497","z0108494",NA,NA,NA,1,1,1,1,NA,NA,NA,1,1,1,"RunMS58.MS51.MS45.90s.MS54.merged"
"498","z0108516",NA,NA,NA,1,1,1,1,NA,NA,NA,1,1,1,"RunMS58.MS51.MS45.90s.MS54.merged"
"499","z0113619",NA,NA,NA,3,3,4,4,NA,NA,NA,0,0,1,"RunMS58.MS51.MS45.90s.MS54.GTseq.val.GTseq.prod.merged"
"500","z0174005",NA,NA,NA,292,292,293,293,NA,NA,NA,0,0,1,"RunMS58.MS51.MS45.90s.MS54.GTseq.val.GTseq.prod.merged"
"501","z0175351",NA,NA,NA,1,1,1,1,NA,NA,NA,1,1,1,"RunMS58.MS51.MS45.90s.MS54.merged"
"502","z0175950",NA,NA,NA,298,298,308,308,NA,NA,NA,0,0,1,"RunMS58.MS51.MS45.90s.MS54.GTseq.val.GTseq.prod.merged"
"503","z0187885",NA,NA,NA,306,306,320,320,NA,NA,NA,0,0,1,"RunMS58.MS51.MS45.90s.MS54.GTseq.val.GTseq.prod.merged"
"504","z0195645",NA,NA,NA,1,1,1,1,NA,NA,NA,1,1,1,"RunMS58.MS51.MS45.90s.MS54.merged"
"505","z0195646",NA,NA,NA,2,2,1,2,NA,NA,NA,1,1,0,"RunMS58.MS51.MS45.90s.MS54.merged"
"506","z0195647",NA,NA,NA,164,164,165,165,NA,NA,NA,0,0,1,"RunMS58.MS51.MS45.90s.MS54.GTseq.val.GTseq.prod.merged"
"507","z0195656",NA,NA,NA,1,1,1,1,NA,NA,NA,1,1,1,"RunMS58.MS51.MS45.90s.MS54.merged"
"508","z0195662",NA,NA,NA,1,1,11,11,NA,NA,NA,0,0,1,"RunMS58.MS51.MS45.90s.MS54.GTseq.val.GTseq.prod.merged"
"509","z0195669",NA,NA,NA,21,21,25,25,NA,NA,NA,0,0,1,"RunMS58.MS51.MS45.90s.MS54.GTseq.val.GTseq.prod.merged"
"510","z0195674",NA,NA,NA,2,2,63,63,NA,NA,NA,0,0,1,"RunMS58.MS51.MS45.90s.MS54.GTseq.val.GTseq.prod.merged"
"511","z0195680",NA,NA,NA,12,12,12,12,NA,NA,NA,1,1,1,"RunMS58.MS51.MS45.90s.MS54.merged"
"512","z0195681",NA,NA,NA,11,11,18,18,NA,NA,NA,0,0,1,"RunMS58.MS51.MS45.90s.MS54.GTseq.val.GTseq.prod.merged"
"513","z0195687",NA,NA,NA,2,2,253,253,NA,NA,NA,0,0,1,"RunMS58.MS51.MS45.90s.MS54.GTseq.val.GTseq.prod.merged"
"514","z0195694",NA,NA,NA,1,1,1,1,NA,NA,NA,1,1,1,"RunMS58.MS51.MS45.90s.MS54.merged"
"515","z0195699",NA,NA,NA,318,319,319,319,NA,NA,NA,0,1,1,"RunMS58.MS51.MS45.90s.MS54.GTseq.val.merged"
"516","z0195701",NA,NA,NA,257,294,294,294,NA,NA,NA,0,1,1,"RunMS58.MS51.MS45.90s.MS54.GTseq.val.merged"
"517","z0195702",NA,NA,NA,319,319,319,319,NA,NA,NA,1,1,1,"RunMS58.MS51.MS45.90s.MS54.merged"
"518","z0195704",NA,NA,NA,320,320,320,320,NA,NA,NA,1,1,1,"RunMS58.MS51.MS45.90s.MS54.merged"
"519","z0195711",NA,NA,NA,318,318,320,320,NA,NA,NA,0,0,1,"RunMS58.MS51.MS45.90s.MS54.GTseq.val.GTseq.prod.merged"
"520","z0195716",NA,NA,NA,320,320,320,320,NA,NA,NA,1,1,1,"RunMS58.MS51.MS45.90s.MS54.merged"
"521","z0195718",NA,NA,NA,276,276,279,279,NA,NA,NA,0,0,1,"RunMS58.MS51.MS45.90s.MS54.GTseq.val.GTseq.prod.merged"
"522","z0195724",NA,NA,NA,95,95,288,288,NA,NA,NA,0,0,1,"RunMS58.MS51.MS45.90s.MS54.GTseq.val.GTseq.prod.merged"
"523","z0195725",NA,NA,NA,274,274,302,302,NA,NA,NA,0,0,1,"RunMS58.MS51.MS45.90s.MS54.GTseq.val.GTseq.prod.merged"
"524","z0195728",NA,NA,NA,211,211,274,274,NA,NA,NA,0,0,1,"RunMS58.MS51.MS45.90s.MS54.GTseq.val.GTseq.prod.merged"
"525","z0195731",NA,NA,NA,279,279,290,290,NA,NA,NA,0,0,1,"RunMS58.MS51.MS45.90s.MS54.GTseq.val.GTseq.prod.merged"
"526","z0195732",NA,NA,NA,141,141,266,266,NA,NA,NA,0,0,1,"RunMS58.MS51.MS45.90s.MS54.GTseq.val.GTseq.prod.merged"
"527","z0195737",NA,NA,NA,318,318,319,319,NA,NA,NA,0,0,1,"RunMS58.MS51.MS45.90s.MS54.GTseq.val.GTseq.prod.merged"
"528","z0195740",NA,NA,NA,210,210,228,228,NA,NA,NA,0,0,1,"RunMS58.MS51.MS45.90s.MS54.GTseq.val.GTseq.prod.merged"
"529","z0195754",NA,NA,NA,1,1,1,1,NA,NA,NA,1,1,1,"RunMS58.MS51.MS45.90s.MS54.merged"
"530","z0195764",NA,NA,NA,1,1,3,3,NA,NA,NA,0,0,1,"RunMS58.MS51.MS45.90s.MS54.GTseq.val.GTseq.prod.merged"
"531","z0195783",NA,NA,NA,5,5,6,6,NA,NA,NA,0,0,1,"RunMS58.MS51.MS45.90s.MS54.GTseq.val.GTseq.prod.merged"
"532","z0196686",NA,NA,NA,319,319,320,320,NA,NA,NA,0,0,1,"RunMS58.MS51.MS45.90s.MS54.GTseq.val.GTseq.prod.merged"
"533","z0196687",NA,NA,NA,321,321,321,321,NA,NA,NA,1,1,1,"RunMS58.MS51.MS45.90s.MS54.merged"
"534","z0196689",NA,NA,NA,319,319,321,321,NA,NA,NA,0,0,1,"RunMS58.MS51.MS45.90s.MS54.GTseq.val.GTseq.prod.merged"
"535","z0196690",NA,NA,NA,288,288,312,312,NA,NA,NA,0,0,1,"RunMS58.MS51.MS45.90s.MS54.GTseq.val.GTseq.prod.merged"
"536","z0196691",NA,NA,NA,283,283,292,292,NA,NA,NA,0,0,1,"RunMS58.MS51.MS45.90s.MS54.GTseq.val.GTseq.prod.merged"
"537","z0196692",NA,NA,NA,303,303,316,316,NA,NA,NA,0,0,1,"RunMS58.MS51.MS45.90s.MS54.GTseq.val.GTseq.prod.merged"
"538","z0196693",NA,NA,NA,309,309,313,313,NA,NA,NA,0,0,1,"RunMS58.MS51.MS45.90s.MS54.GTseq.val.GTseq.prod.merged"
"539","z0196694",NA,NA,NA,315,315,316,316,NA,NA,NA,0,0,1,"RunMS58.MS51.MS45.90s.MS54.GTseq.val.GTseq.prod.merged"
"540","z0196710",NA,NA,NA,320,320,320,320,NA,NA,NA,1,1,1,"RunMS58.MS51.MS45.90s.MS54.merged"
"541","z0196713",NA,NA,NA,266,266,303,303,NA,NA,NA,0,0,1,"RunMS58.MS51.MS45.90s.MS54.GTseq.val.GTseq.prod.merged"
"542","z0196715",NA,NA,NA,173,173,244,244,NA,NA,NA,0,0,1,"RunMS58.MS51.MS45.90s.MS54.GTseq.val.GTseq.prod.merged"
"543","z0196719",NA,NA,NA,321,321,321,321,NA,NA,NA,1,1,1,"RunMS58.MS51.MS45.90s.MS54.merged"
"544","z0196724",NA,NA,NA,173,173,253,253,NA,NA,NA,0,0,1,"RunMS58.MS51.MS45.90s.MS54.GTseq.val.GTseq.prod.merged"
"545","z0196725",NA,NA,NA,320,320,320,320,NA,NA,NA,1,1,1,"RunMS58.MS51.MS45.90s.MS54.merged"
"546","z0196729",NA,NA,NA,309,312,312,312,NA,NA,NA,0,1,1,"RunMS58.MS51.MS45.90s.MS54.GTseq.val.merged"
"547","z0196731",NA,NA,NA,317,317,317,317,NA,NA,NA,1,1,1,"RunMS58.MS51.MS45.90s.MS54.merged"
"548","z0196734",NA,NA,NA,306,315,315,315,NA,NA,NA,0,1,1,"RunMS58.MS51.MS45.90s.MS54.GTseq.val.merged"
"549","z0196739",NA,NA,NA,49,49,263,263,NA,NA,NA,0,0,1,"RunMS58.MS51.MS45.90s.MS54.GTseq.val.GTseq.prod.merged"
"550","z0196740",NA,NA,NA,260,287,287,287,NA,NA,NA,0,1,1,"RunMS58.MS51.MS45.90s.MS54.GTseq.val.merged"
"551","z0196751",NA,NA,NA,321,321,321,321,NA,NA,NA,1,1,1,"RunMS58.MS51.MS45.90s.MS54.merged"
"552","z0196752",NA,NA,NA,321,321,321,321,NA,NA,NA,1,1,1,"RunMS58.MS51.MS45.90s.MS54.merged"
"553","z0196754",NA,NA,NA,322,322,322,322,NA,NA,NA,1,1,1,"RunMS58.MS51.MS45.90s.MS54.merged"
"554","z0196763",NA,NA,NA,316,316,316,316,NA,NA,NA,1,1,1,"RunMS58.MS51.MS45.90s.MS54.merged"
"555","z0196764",NA,NA,NA,320,320,320,320,NA,NA,NA,1,1,1,"RunMS58.MS51.MS45.90s.MS54.merged"
"556","z0196766",NA,NA,NA,321,321,321,321,NA,NA,NA,1,1,1,"RunMS58.MS51.MS45.90s.MS54.merged"
"557","z0196769",NA,NA,NA,319,319,319,319,NA,NA,NA,1,1,1,"RunMS58.MS51.MS45.90s.MS54.merged"
"558","z0196774",NA,NA,NA,319,321,321,321,NA,NA,NA,0,1,1,"RunMS58.MS51.MS45.90s.MS54.GTseq.val.merged"
"559","z0196809",NA,NA,NA,245,245,273,273,NA,NA,NA,0,0,1,"RunMS58.MS51.MS45.90s.MS54.GTseq.val.GTseq.prod.merged"
"560","z0196824",NA,NA,NA,319,319,319,319,NA,NA,NA,1,1,1,"RunMS58.MS51.MS45.90s.MS54.merged"
"561","z0196825",NA,NA,NA,303,303,318,318,NA,NA,NA,0,0,1,"RunMS58.MS51.MS45.90s.MS54.GTseq.val.GTseq.prod.merged"
"562","z0196834",NA,NA,NA,19,232,232,232,NA,NA,NA,0,1,1,"RunMS58.MS51.MS45.90s.MS54.GTseq.val.merged"
"563","z0196835",NA,NA,NA,318,318,320,320,NA,NA,NA,0,0,1,"RunMS58.MS51.MS45.90s.MS54.GTseq.val.GTseq.prod.merged"
"564","z0196843",NA,NA,NA,47,235,235,235,NA,NA,NA,0,1,1,"RunMS58.MS51.MS45.90s.MS54.GTseq.val.merged"
"565","z0196849",NA,NA,NA,312,317,317,317,NA,NA,NA,0,1,1,"RunMS58.MS51.MS45.90s.MS54.GTseq.val.merged"
"566","z0196852",NA,NA,NA,316,317,317,317,NA,NA,NA,0,1,1,"RunMS58.MS51.MS45.90s.MS54.GTseq.val.merged"
"567","z0196855",NA,NA,NA,319,319,319,319,NA,NA,NA,1,1,1,"RunMS58.MS51.MS45.90s.MS54.merged"
"568","z0196856",NA,NA,NA,314,318,318,318,NA,NA,NA,0,1,1,"RunMS58.MS51.MS45.90s.MS54.GTseq.val.merged"
"569","z0196857",NA,NA,NA,318,318,318,318,NA,NA,NA,1,1,1,"RunMS58.MS51.MS45.90s.MS54.merged"
"570","z0196864",NA,NA,NA,314,314,315,315,NA,NA,NA,0,0,1,"RunMS58.MS51.MS45.90s.MS54.GTseq.val.GTseq.prod.merged"
"571","z0196890",NA,NA,NA,1,1,3,3,NA,NA,NA,0,0,1,"RunMS58.MS51.MS45.90s.MS54.GTseq.val.GTseq.prod.merged"
"572","z0197663",NA,NA,NA,297,297,320,320,NA,NA,NA,0,0,1,"RunMS58.MS51.MS45.90s.MS54.GTseq.val.GTseq.prod.merged"
"573","z0197668",NA,NA,NA,249,249,255,255,NA,NA,NA,0,0,1,"RunMS58.MS51.MS45.90s.MS54.GTseq.val.GTseq.prod.merged"
"574","z0197669",NA,NA,NA,319,319,320,320,NA,NA,NA,0,0,1,"RunMS58.MS51.MS45.90s.MS54.GTseq.val.GTseq.prod.merged"
"575","z0197672",NA,NA,NA,296,296,318,318,NA,NA,NA,0,0,1,"RunMS58.MS51.MS45.90s.MS54.GTseq.val.GTseq.prod.merged"
"576","z0040985",NA,NA,NA,NA,269,269,269,NA,NA,NA,NA,1,1,"RunMS58.MS51.MS45.90s.MS54.GTseq.val.merged"
"577","z0051840",NA,NA,NA,NA,210,210,210,NA,NA,NA,NA,1,1,"RunMS58.MS51.MS45.90s.MS54.GTseq.val.merged"
"578","z0063269",NA,NA,NA,NA,57,57,57,NA,NA,NA,NA,1,1,"RunMS58.MS51.MS45.90s.MS54.GTseq.val.merged"
"579","z0063273",NA,NA,NA,NA,122,122,122,NA,NA,NA,NA,1,1,"RunMS58.MS51.MS45.90s.MS54.GTseq.val.merged"
"580","z0063275",NA,NA,NA,NA,65,65,65,NA,NA,NA,NA,1,1,"RunMS58.MS51.MS45.90s.MS54.GTseq.val.merged"
"581","z0063328",NA,NA,NA,NA,64,64,64,NA,NA,NA,NA,1,1,"RunMS58.MS51.MS45.90s.MS54.GTseq.val.merged"
"582","z0063342",NA,NA,NA,NA,19,19,19,NA,NA,NA,NA,1,1,"RunMS58.MS51.MS45.90s.MS54.GTseq.val.merged"
"583","z0009880",NA,NA,NA,NA,NA,81,81,NA,NA,NA,NA,NA,1,"RunMS58.MS51.MS45.90s.MS54.GTseq.val.GTseq.prod.merged"
"584","z0011162",NA,NA,NA,NA,NA,247,247,NA,NA,NA,NA,NA,1,"RunMS58.MS51.MS45.90s.MS54.GTseq.val.GTseq.prod.merged"
"585","z0012201",NA,NA,NA,NA,NA,273,273,NA,NA,NA,NA,NA,1,"RunMS58.MS51.MS45.90s.MS54.GTseq.val.GTseq.prod.merged"
"586","z0017317",NA,NA,NA,NA,NA,255,255,NA,NA,NA,NA,NA,1,"RunMS58.MS51.MS45.90s.MS54.GTseq.val.GTseq.prod.merged"
"587","z0025439",NA,NA,NA,NA,NA,279,279,NA,NA,NA,NA,NA,1,"RunMS58.MS51.MS45.90s.MS54.GTseq.val.GTseq.prod.merged"
"588","z0030424",NA,NA,NA,NA,NA,243,243,NA,NA,NA,NA,NA,1,"RunMS58.MS51.MS45.90s.MS54.GTseq.val.GTseq.prod.merged"
"589","z0030475",NA,NA,NA,NA,NA,251,251,NA,NA,NA,NA,NA,1,"RunMS58.MS51.MS45.90s.MS54.GTseq.val.GTseq.prod.merged"
"590","z0032258",NA,NA,NA,NA,NA,264,264,NA,NA,NA,NA,NA,1,"RunMS58.MS51.MS45.90s.MS54.GTseq.val.GTseq.prod.merged"
"591","z0040337",NA,NA,NA,NA,NA,305,305,NA,NA,NA,NA,NA,1,"RunMS58.MS51.MS45.90s.MS54.GTseq.val.GTseq.prod.merged"
"592","z0040413",NA,NA,NA,NA,NA,182,182,NA,NA,NA,NA,NA,1,"RunMS58.MS51.MS45.90s.MS54.GTseq.val.GTseq.prod.merged"
"593","z0040451",NA,NA,NA,NA,NA,1,1,NA,NA,NA,NA,NA,1,"RunMS58.MS51.MS45.90s.MS54.GTseq.val.GTseq.prod.merged"
"594","z0040957",NA,NA,NA,NA,NA,39,39,NA,NA,NA,NA,NA,1,"RunMS58.MS51.MS45.90s.MS54.GTseq.val.GTseq.prod.merged"
"595","z0041072",NA,NA,NA,NA,NA,2,2,NA,NA,NA,NA,NA,1,"RunMS58.MS51.MS45.90s.MS54.GTseq.val.GTseq.prod.merged"
"596","z0041153",NA,NA,NA,NA,NA,248,248,NA,NA,NA,NA,NA,1,"RunMS58.MS51.MS45.90s.MS54.GTseq.val.GTseq.prod.merged"
"597","z0041521",NA,NA,NA,NA,NA,53,53,NA,NA,NA,NA,NA,1,"RunMS58.MS51.MS45.90s.MS54.GTseq.val.GTseq.prod.merged"
"598","z0042288",NA,NA,NA,NA,NA,203,203,NA,NA,NA,NA,NA,1,"RunMS58.MS51.MS45.90s.MS54.GTseq.val.GTseq.prod.merged"
"599","z0044023",NA,NA,NA,NA,NA,206,206,NA,NA,NA,NA,NA,1,"RunMS58.MS51.MS45.90s.MS54.GTseq.val.GTseq.prod.merged"
"600","z0045788",NA,NA,NA,NA,NA,303,303,NA,NA,NA,NA,NA,1,"RunMS58.MS51.MS45.90s.MS54.GTseq.val.GTseq.prod.merged"
"601","z0045789",NA,NA,NA,NA,NA,313,313,NA,NA,NA,NA,NA,1,"RunMS58.MS51.MS45.90s.MS54.GTseq.val.GTseq.prod.merged"
"602","z0045791",NA,NA,NA,NA,NA,306,306,NA,NA,NA,NA,NA,1,"RunMS58.MS51.MS45.90s.MS54.GTseq.val.GTseq.prod.merged"
"603","z0051816",NA,NA,NA,NA,NA,21,21,NA,NA,NA,NA,NA,1,"RunMS58.MS51.MS45.90s.MS54.GTseq.val.GTseq.prod.merged"
"604","z0051844",NA,NA,NA,NA,NA,233,233,NA,NA,NA,NA,NA,1,"RunMS58.MS51.MS45.90s.MS54.GTseq.val.GTseq.prod.merged"
"605","z0051939",NA,NA,NA,NA,NA,284,284,NA,NA,NA,NA,NA,1,"RunMS58.MS51.MS45.90s.MS54.GTseq.val.GTseq.prod.merged"
"606","z0051945",NA,NA,NA,NA,NA,1,1,NA,NA,NA,NA,NA,1,"RunMS58.MS51.MS45.90s.MS54.GTseq.val.GTseq.prod.merged"
"607","z0055908",NA,NA,NA,NA,NA,1,1,NA,NA,NA,NA,NA,1,"RunMS58.MS51.MS45.90s.MS54.GTseq.val.GTseq.prod.merged"
"608","z0055909",NA,NA,NA,NA,NA,124,124,NA,NA,NA,NA,NA,1,"RunMS58.MS51.MS45.90s.MS54.GTseq.val.GTseq.prod.merged"
"609","z0055910",NA,NA,NA,NA,NA,209,209,NA,NA,NA,NA,NA,1,"RunMS58.MS51.MS45.90s.MS54.GTseq.val.GTseq.prod.merged"
"610","z0055932",NA,NA,NA,NA,NA,1,1,NA,NA,NA,NA,NA,1,"RunMS58.MS51.MS45.90s.MS54.GTseq.val.GTseq.prod.merged"
"611","z0055936",NA,NA,NA,NA,NA,71,71,NA,NA,NA,NA,NA,1,"RunMS58.MS51.MS45.90s.MS54.GTseq.val.GTseq.prod.merged"
"612","z0055947",NA,NA,NA,NA,NA,290,290,NA,NA,NA,NA,NA,1,"RunMS58.MS51.MS45.90s.MS54.GTseq.val.GTseq.prod.merged"
"613","z0055948",NA,NA,NA,NA,NA,54,54,NA,NA,NA,NA,NA,1,"RunMS58.MS51.MS45.90s.MS54.GTseq.val.GTseq.prod.merged"
"614","z0055957",NA,NA,NA,NA,NA,80,80,NA,NA,NA,NA,NA,1,"RunMS58.MS51.MS45.90s.MS54.GTseq.val.GTseq.prod.merged"
"615","z0055963",NA,NA,NA,NA,NA,251,251,NA,NA,NA,NA,NA,1,"RunMS58.MS51.MS45.90s.MS54.GTseq.val.GTseq.prod.merged"
"616","z0055965",NA,NA,NA,NA,NA,238,238,NA,NA,NA,NA,NA,1,"RunMS58.MS51.MS45.90s.MS54.GTseq.val.GTseq.prod.merged"
"617","z0055970",NA,NA,NA,NA,NA,269,269,NA,NA,NA,NA,NA,1,"RunMS58.MS51.MS45.90s.MS54.GTseq.val.GTseq.prod.merged"
"618","z0055986",NA,NA,NA,NA,NA,257,257,NA,NA,NA,NA,NA,1,"RunMS58.MS51.MS45.90s.MS54.GTseq.val.GTseq.prod.merged"
"619","z0055990",NA,NA,NA,NA,NA,299,299,NA,NA,NA,NA,NA,1,"RunMS58.MS51.MS45.90s.MS54.GTseq.val.GTseq.prod.merged"
"620","z0056011",NA,NA,NA,NA,NA,296,296,NA,NA,NA,NA,NA,1,"RunMS58.MS51.MS45.90s.MS54.GTseq.val.GTseq.prod.merged"
"621","z0056029",NA,NA,NA,NA,NA,306,306,NA,NA,NA,NA,NA,1,"RunMS58.MS51.MS45.90s.MS54.GTseq.val.GTseq.prod.merged"
"622","z0056058",NA,NA,NA,NA,NA,305,305,NA,NA,NA,NA,NA,1,"RunMS58.MS51.MS45.90s.MS54.GTseq.val.GTseq.prod.merged"
"623","z0056063",NA,NA,NA,NA,NA,307,307,NA,NA,NA,NA,NA,1,"RunMS58.MS51.MS45.90s.MS54.GTseq.val.GTseq.prod.merged"
"624","z0056076",NA,NA,NA,NA,NA,306,306,NA,NA,NA,NA,NA,1,"RunMS58.MS51.MS45.90s.MS54.GTseq.val.GTseq.prod.merged"
"625","z0056079",NA,NA,NA,NA,NA,290,290,NA,NA,NA,NA,NA,1,"RunMS58.MS51.MS45.90s.MS54.GTseq.val.GTseq.prod.merged"
"626","z0056081",NA,NA,NA,NA,NA,1,1,NA,NA,NA,NA,NA,1,"RunMS58.MS51.MS45.90s.MS54.GTseq.val.GTseq.prod.merged"
"627","z0056082",NA,NA,NA,NA,NA,10,10,NA,NA,NA,NA,NA,1,"RunMS58.MS51.MS45.90s.MS54.GTseq.val.GTseq.prod.merged"
"628","z0056090",NA,NA,NA,NA,NA,1,1,NA,NA,NA,NA,NA,1,"RunMS58.MS51.MS45.90s.MS54.GTseq.val.GTseq.prod.merged"
"629","z0056093",NA,NA,NA,NA,NA,1,1,NA,NA,NA,NA,NA,1,"RunMS58.MS51.MS45.90s.MS54.GTseq.val.GTseq.prod.merged"
"630","z0056102",NA,NA,NA,NA,NA,1,1,NA,NA,NA,NA,NA,1,"RunMS58.MS51.MS45.90s.MS54.GTseq.val.GTseq.prod.merged"
"631","z0056103",NA,NA,NA,NA,NA,296,296,NA,NA,NA,NA,NA,1,"RunMS58.MS51.MS45.90s.MS54.GTseq.val.GTseq.prod.merged"
"632","z0056106",NA,NA,NA,NA,NA,1,1,NA,NA,NA,NA,NA,1,"RunMS58.MS51.MS45.90s.MS54.GTseq.val.GTseq.prod.merged"
"633","z0056111",NA,NA,NA,NA,NA,1,1,NA,NA,NA,NA,NA,1,"RunMS58.MS51.MS45.90s.MS54.GTseq.val.GTseq.prod.merged"
"634","z0056337",NA,NA,NA,NA,NA,162,162,NA,NA,NA,NA,NA,1,"RunMS58.MS51.MS45.90s.MS54.GTseq.val.GTseq.prod.merged"
"635","z0062886",NA,NA,NA,NA,NA,270,270,NA,NA,NA,NA,NA,1,"RunMS58.MS51.MS45.90s.MS54.GTseq.val.GTseq.prod.merged"
"636","z0063092",NA,NA,NA,NA,NA,311,311,NA,NA,NA,NA,NA,1,"RunMS58.MS51.MS45.90s.MS54.GTseq.val.GTseq.prod.merged"
"637","z0063304",NA,NA,NA,NA,NA,1,1,NA,NA,NA,NA,NA,1,"RunMS58.MS51.MS45.90s.MS54.GTseq.val.GTseq.prod.merged"
"638","z0066166",NA,NA,NA,NA,NA,311,311,NA,NA,NA,NA,NA,1,"RunMS58.MS51.MS45.90s.MS54.GTseq.val.GTseq.prod.merged"
"639","z0067213",NA,NA,NA,NA,NA,284,284,NA,NA,NA,NA,NA,1,"RunMS58.MS51.MS45.90s.MS54.GTseq.val.GTseq.prod.merged"
"640","z0068471",NA,NA,NA,NA,NA,312,312,NA,NA,NA,NA,NA,1,"RunMS58.MS51.MS45.90s.MS54.GTseq.val.GTseq.prod.merged"
"641","z0100814",NA,NA,NA,NA,NA,142,142,NA,NA,NA,NA,NA,1,"RunMS58.MS51.MS45.90s.MS54.GTseq.val.GTseq.prod.merged"
"642","z0101084",NA,NA,NA,NA,NA,295,295,NA,NA,NA,NA,NA,1,"RunMS58.MS51.MS45.90s.MS54.GTseq.val.GTseq.prod.merged"
"643","z0107099",NA,NA,NA,NA,NA,312,312,NA,NA,NA,NA,NA,1,"RunMS58.MS51.MS45.90s.MS54.GTseq.val.GTseq.prod.merged"
"644","z0145401",NA,NA,NA,NA,NA,168,168,NA,NA,NA,NA,NA,1,"RunMS58.MS51.MS45.90s.MS54.GTseq.val.GTseq.prod.merged"
"645","z0160234",NA,NA,NA,NA,NA,1,1,NA,NA,NA,NA,NA,1,"RunMS58.MS51.MS45.90s.MS54.GTseq.val.GTseq.prod.merged"
"646","z0187819",NA,NA,NA,NA,NA,299,299,NA,NA,NA,NA,NA,1,"RunMS58.MS51.MS45.90s.MS54.GTseq.val.GTseq.prod.merged"
"647","z0187846",NA,NA,NA,NA,NA,306,306,NA,NA,NA,NA,NA,1,"RunMS58.MS51.MS45.90s.MS54.GTseq.val.GTseq.prod.merged"
"648","z0195642",NA,NA,NA,NA,NA,1,1,NA,NA,NA,NA,NA,1,"RunMS58.MS51.MS45.90s.MS54.GTseq.val.GTseq.prod.merged"
"649","z0195690",NA,NA,NA,NA,NA,1,1,NA,NA,NA,NA,NA,1,"RunMS58.MS51.MS45.90s.MS54.GTseq.val.GTseq.prod.merged"
"650","z0195695",NA,NA,NA,NA,NA,20,20,NA,NA,NA,NA,NA,1,"RunMS58.MS51.MS45.90s.MS54.GTseq.val.GTseq.prod.merged"
"651","z0195696",NA,NA,NA,NA,NA,308,308,NA,NA,NA,NA,NA,1,"RunMS58.MS51.MS45.90s.MS54.GTseq.val.GTseq.prod.merged"
"652","z0195749",NA,NA,NA,NA,NA,7,7,NA,NA,NA,NA,NA,1,"RunMS58.MS51.MS45.90s.MS54.GTseq.val.GTseq.prod.merged"
"653","z0195757",NA,NA,NA,NA,NA,1,1,NA,NA,NA,NA,NA,1,"RunMS58.MS51.MS45.90s.MS54.GTseq.val.GTseq.prod.merged"
"654","z0195763",NA,NA,NA,NA,NA,1,1,NA,NA,NA,NA,NA,1,"RunMS58.MS51.MS45.90s.MS54.GTseq.val.GTseq.prod.merged"
"655","z0195766",NA,NA,NA,NA,NA,1,1,NA,NA,NA,NA,NA,1,"RunMS58.MS51.MS45.90s.MS54.GTseq.val.GTseq.prod.merged"
"656","z0195779",NA,NA,NA,NA,NA,1,1,NA,NA,NA,NA,NA,1,"RunMS58.MS51.MS45.90s.MS54.GTseq.val.GTseq.prod.merged"
"657","z0195786",NA,NA,NA,NA,NA,3,3,NA,NA,NA,NA,NA,1,"RunMS58.MS51.MS45.90s.MS54.GTseq.val.GTseq.prod.merged"
"658","z0196711",NA,NA,NA,NA,NA,301,301,NA,NA,NA,NA,NA,1,"RunMS58.MS51.MS45.90s.MS54.GTseq.val.GTseq.prod.merged"
"659","z0196841",NA,NA,NA,NA,NA,252,252,NA,NA,NA,NA,NA,1,"RunMS58.MS51.MS45.90s.MS54.GTseq.val.GTseq.prod.merged"
"660","z0196895",NA,NA,NA,NA,NA,260,260,NA,NA,NA,NA,NA,1,"RunMS58.MS51.MS45.90s.MS54.GTseq.val.GTseq.prod.merged"
"661","z0197667",NA,NA,NA,NA,NA,301,301,NA,NA,NA,NA,NA,1,"RunMS58.MS51.MS45.90s.MS54.GTseq.val.GTseq.prod.merged"
