,locus,Indiv,gt,haplo.1,haplo.2,haplo.3,haplo.4,depth.1,depth.2,depth.3,depth.4,num.haps
GTseq.prod.83667,Mnov_gtseq_332,z0196894b.GTseq.prod,A/A,A,G,NA,NA,12,1,0,0,1
GTseq.prod.99894,Mnov_gtseq_332,z0196894.GTseq.prod,NA,A,G,NA,NA,6,2,0,0,0
RunMS58.18565,Mnov_gtseq_332,z0196894.RunMS58,A/G,A,G,NA,NA,389,177,0,0,2
GTseq.prod.41257,Mnov_gtseq_8,z0196894b.GTseq.prod,T/T,T,C,NA,NA,55,13,0,0,1
GTseq.prod.53002,Mnov_gtseq_8,z0196894.GTseq.prod,T/T,T,C,NA,NA,38,3,0,0,1
RunMS58.13673,Mnov_gtseq_8,z0196894.RunMS58,C/T,T,C,X,A,541,306,1,1,2
GTseq.prod.55098,Mnov_gtseq_91,z0196894b.GTseq.prod,A/A,A,G,NA,NA,35,2,0,0,1
GTseq.prod.63333,Mnov_gtseq_91,z0196894.GTseq.prod,A/A,A,G,NA,NA,27,1,0,0,1
RunMS58.3991,Mnov_gtseq_91,z0196894.RunMS58,A/G,G,A,N,X,1271,1244,5,1,2
GTseq.prod.75310,Mnov_gtseq_111,z0051185.GTseq.prod,A/C,C,A,NA,NA,17,14,0,0,2
GTseq.prod.81794,Mnov_gtseq_111,z0051185b.GTseq.prod,C/C,C,A,NA,NA,13,1,0,0,1
GTseq.prod.83289,Mnov_gtseq_318,z0043504b.GTseq.prod,C/T,C,T,NA,NA,13,7,0,0,2
GTseq.prod.91223,Mnov_gtseq_318,z0043504.GTseq.prod,C/C,C,T,NA,NA,9,2,0,0,1
GTseq.prod.13408,Mnov_gtseq_285,z0068471b.GTseq.prod,A/G,A,G,NA,NA,164,155,0,0,2
GTseq.prod.80551,Mnov_gtseq_285,z0068471.GTseq.prod,G/G,G,A,NA,NA,14,3,0,0,1
GTseq.prod.86470,Mnov_gtseq_16,z0195770.GTseq.prod,A/A,A,G,NA,NA,11,2,0,0,1
GTseq.prod.121895,Mnov_gtseq_16,z0195770b.GTseq.prod,NA,A,NA,NA,NA,2,0,0,0,0
RunMS58.42825,Mnov_gtseq_16,z0195770.RunMS58,A/G,G,A,NA,NA,20,14,0,0,2
GTseq.prod.71568,Mnov_gtseq_195,z0195770.GTseq.prod,C/G,G,C,NA,NA,20,16,0,0,2
GTseq.prod.91280,Mnov_gtseq_195,z0195770b.GTseq.prod,G/G,G,C,NA,NA,9,2,0,0,1
RunMS58.38261,Mnov_gtseq_195,z0195770.RunMS58,C/G,C,G,NA,NA,62,33,0,0,2
GTseq.prod.77418,Mnov_gtseq_42,z0195770.GTseq.prod,G/G,G,A,NA,NA,16,3,0,0,1
GTseq.prod.121930,Mnov_gtseq_42,z0195770b.GTseq.prod,NA,A,G,NA,NA,2,1,0,0,0
RunMS58.42674,Mnov_gtseq_42,z0195770.RunMS58,A/G,A,G,NA,NA,21,20,0,0,2
GTseq.prod.61069,Mnov_gtseq_72,z0195770.GTseq.prod,C/T,T,C,N,NA,29,27,1,0,2
GTseq.prod.91279,Mnov_gtseq_72,z0195770b.GTseq.prod,T/T,T,C,NA,NA,9,2,0,0,1
RunMS58.38693,Mnov_gtseq_72,z0195770.RunMS58,C/T,T,C,NA,NA,57,35,0,0,2
GTseq.prod.88811,Mnov_gtseq_509,z0195708b.GTseq.prod,A/A,A,G,NA,NA,10,2,0,0,1
GTseq.prod.91071,Mnov_gtseq_509,z0195708.GTseq.prod,A/G,G,A,C,NA,9,5,1,0,2
GTseq.prod.57923,Mnov_gtseq_304,z0043491b.GTseq.prod,A/A,A,G,NA,NA,32,2,0,0,1
GTseq.prod.78512,Mnov_gtseq_304,z0043491.GTseq.prod,A/G,A,G,NA,NA,15,8,0,0,2
GTseq.prod.85169,Mnov_gtseq_30,z0108513b.GTseq.prod,C/C,C,G,NA,NA,12,2,0,0,1
GTseq.prod.100341,Mnov_gtseq_30,z0108513.GTseq.prod,NA,C,G,NA,NA,6,3,0,0,0
RunMS58.37460,Mnov_gtseq_30,z0108513.RunMS58,C/G,C,G,NA,NA,71,57,0,0,2
GTseq.prod.31984,Mnov_gtseq_300,z0108513.GTseq.prod,C/C,C,T,NA,NA,76,18,0,0,1
GTseq.prod.33228,Mnov_gtseq_300,z0108513b.GTseq.prod,NA,C,T,A,NA,73,20,1,0,0
RunMS58.9046,Mnov_gtseq_300,z0108513.RunMS58,C/T,C,T,A,NA,766,482,1,0,2
GTseq.prod.89496,Mnov_gtseq_397,z0108513b.GTseq.prod,G/G,G,T,NA,NA,10,1,0,0,1
GTseq.prod.97134,Mnov_gtseq_397,z0108513.GTseq.prod,NA,G,T,NA,NA,7,1,0,0,0
RunMS58.14482,Mnov_gtseq_397,z0108513.RunMS58,G/T,G,T,C,A,512,459,1,1,2
GTseq.prod.89497,Mnov_gtseq_533,z0108513b.GTseq.prod,A/A,A,G,NA,NA,10,1,0,0,1
GTseq.prod.94280,Mnov_gtseq_533,z0108513.GTseq.prod,NA,A,G,NA,NA,8,3,0,0,0
RunMS58.27838,Mnov_gtseq_533,z0108513.RunMS58,A/G,A,G,N,NA,201,179,1,0,2
GTseq.prod.48978,Mnov_gtseq_22,z0055912.GTseq.prod,G/T,G,T,NA,NA,43,29,0,0,2
GTseq.prod.84817,Mnov_gtseq_22,z0055912b.GTseq.prod,G/G,G,NA,NA,NA,12,0,0,0,1
GTseq.prod.91424,Mnov_gtseq_504,z0055912b.GTseq.prod,A/A,A,G,NA,NA,9,2,0,0,1
GTseq.prod.93399,Mnov_gtseq_504,z0055912.GTseq.prod,A/G,A,G,NA,NA,8,7,0,0,2
GTseq.prod.33368,Mnov_gtseq_332,z0061980.GTseq.prod,A/G,A,G,NA,NA,72,33,0,0,2
GTseq.prod.79597,Mnov_gtseq_332,z0061980b.GTseq.prod,A/A,A,G,NA,NA,15,3,0,0,1
GTseq.prod.72780,Mnov_gtseq_271,z0041250b.GTseq.prod,NA,C,T,NA,NA,19,7,0,0,0
GTseq.prod.81312,Mnov_gtseq_271,z0041250.GTseq.prod,C/C,C,T,A,NA,14,2,1,0,1
RunMS58.30866,Mnov_gtseq_271,z0041250.RunMS58,C/T,C,T,NA,NA,155,123,0,0,2
GTseq.prod.88352,Mnov_gtseq_299,z0041250b.GTseq.prod,NA,G,C,NA,NA,10,4,0,0,0
GTseq.prod.91740,Mnov_gtseq_299,z0041250.GTseq.prod,G/G,G,C,NA,NA,9,1,0,0,1
RunMS58.17839,Mnov_gtseq_299,z0041250.RunMS58,C/G,G,C,A,T,408,354,2,1,2
GTseq.prod.88356,Mnov_gtseq_397,z0041250b.GTseq.prod,G/G,G,T,NA,NA,10,1,0,0,1
GTseq.prod.104300,Mnov_gtseq_397,z0041250.GTseq.prod,NA,G,T,NA,NA,5,2,0,0,0
RunMS58.20240,Mnov_gtseq_397,z0041250.RunMS58,G/T,G,T,X,NA,348,345,1,0,2
GTseq.prod.78884,Mnov_gtseq_398,z0041250b.GTseq.prod,C/C,C,T,NA,NA,15,2,0,0,1
GTseq.prod.108894,Mnov_gtseq_398,z0041250.GTseq.prod,NA,T,C,NA,NA,4,2,0,0,0
RunMS58.30797,Mnov_gtseq_398,z0041250.RunMS58,C/T,C,T,NA,NA,156,144,0,0,2
GTseq.prod.80500,Mnov_gtseq_473,z0041250b.GTseq.prod,T/T,T,C,NA,NA,14,3,0,0,1
GTseq.prod.100543,Mnov_gtseq_473,z0041250.GTseq.prod,NA,T,C,NA,NA,6,2,0,0,0
RunMS58.40463,Mnov_gtseq_473,z0041250.RunMS58,C/T,C,T,NA,NA,39,35,0,0,2
GTseq.prod.78308,Mnov_gtseq_247,z0043477.GTseq.prod,C/T,C,T,NA,NA,16,10,0,0,2
GTseq.prod.82792,Mnov_gtseq_247,z0043477b.GTseq.prod,C/C,C,T,NA,NA,13,2,0,0,1
GTseq.prod.53128,Mnov_gtseq_222,z0041494.GTseq.prod,C/C,C,T,NA,NA,38,9,0,0,1
GTseq.prod.97404,Mnov_gtseq_222,z0041494b.GTseq.prod,C/T,C,T,NA,NA,7,3,0,0,2
GTseq.prod.58571,Mnov_gtseq_533,z0029833b.GTseq.prod,A/G,G,A,N,NA,32,24,1,0,2
GTseq.prod.90200,Mnov_gtseq_533,z0029833.GTseq.prod,A/A,A,G,NA,NA,9,2,0,0,1
GTseq.prod.20979,Mnov_gtseq_68,z0029833b.GTseq.prod,C/G,G,C,NA,NA,115,90,0,0,2
GTseq.prod.37751,Mnov_gtseq_68,z0029833.GTseq.prod,G/G,G,C,NA,NA,62,12,0,0,1
GTseq.prod.24581,Mnov_gtseq_158,z0107080b.GTseq.prod,A/G,G,A,NA,NA,99,91,0,0,2
GTseq.prod.91411,Mnov_gtseq_158,z0107080.GTseq.prod,G/G,G,A,NA,NA,9,2,0,0,1
GTseq.prod.45968,Mnov_gtseq_145,z0196825b.GTseq.prod,C/T,T,C,NA,NA,48,39,0,0,2
GTseq.prod.80375,Mnov_gtseq_145,z0196825.GTseq.prod,T/T,T,C,NA,NA,14,3,0,0,1
GTseq.prod.76688,Mnov_gtseq_275,z0196825b.GTseq.prod,A/G,A,G,NA,NA,17,8,0,0,2
GTseq.prod.84046,Mnov_gtseq_275,z0196825.GTseq.prod,A/A,A,G,NA,NA,12,2,0,0,1
GTseq.prod.64821,Mnov_gtseq_463,z0196825b.GTseq.prod,C/T,C,T,NA,NA,26,20,0,0,2
GTseq.prod.90449,Mnov_gtseq_463,z0196825.GTseq.prod,C/C,C,T,NA,NA,9,1,0,0,1
GTseq.prod.26355,Mnov_gtseq_68,z0196825b.GTseq.prod,C/G,G,C,NA,NA,93,70,0,0,2
GTseq.prod.53559,Mnov_gtseq_68,z0196825.GTseq.prod,G/G,G,C,NA,NA,37,7,0,0,1
GTseq.prod.86060,Mnov_gtseq_397,z0195720.GTseq.prod,G/T,G,T,NA,NA,11,5,0,0,2
GTseq.prod.92343,Mnov_gtseq_397,z0195720b.GTseq.prod,G/G,G,T,NA,NA,9,2,0,0,1
GTseq.prod.41096,Mnov_gtseq_240,z0055965.GTseq.prod,C/G,G,C,T,NA,56,50,1,0,2
GTseq.prod.90096,Mnov_gtseq_240,z0055965b.GTseq.prod,C/C,C,G,NA,NA,9,1,0,0,1
GTseq.prod.16364,Mnov_gtseq_22,z0040403.GTseq.prod,G/T,G,T,A,NA,141,73,1,0,2
GTseq.prod.42700,Mnov_gtseq_22,z0040403b.GTseq.prod,G/G,G,T,NA,NA,53,13,0,0,1
GTseq.prod.59772,Mnov_gtseq_352,z0040403.GTseq.prod,A/C,C,A,NA,NA,30,21,0,0,2
GTseq.prod.82779,Mnov_gtseq_352,z0040403b.GTseq.prod,C/C,C,A,NA,NA,13,3,0,0,1
GTseq.prod.64306,Mnov_gtseq_304,z0196711.GTseq.prod,A/A,A,G,NA,NA,26,6,0,0,1
GTseq.prod.93990,Mnov_gtseq_304,z0196711b.GTseq.prod,A/G,A,G,NA,NA,8,4,0,0,2
GTseq.prod.69510,Mnov_gtseq_463,z0195703b.GTseq.prod,C/T,T,C,NA,NA,22,11,0,0,2
GTseq.prod.86086,Mnov_gtseq_463,z0195703.GTseq.prod,C/C,C,T,NA,NA,11,2,0,0,1
GTseq.prod.91945,Mnov_gtseq_415,z0041274.GTseq.prod,C/C,C,T,NA,NA,9,2,0,0,1
GTseq.prod.128374,Mnov_gtseq_415,z0041274b.GTseq.prod,NA,T,NA,NA,NA,1,0,0,0,0
RunMS58.36990,Mnov_gtseq_415,z0041274.RunMS58,C/T,C,T,NA,NA,76,69,0,0,2
GTseq.prod.81457,Mnov_gtseq_68,z0041274.GTseq.prod,G/G,G,C,NA,NA,14,1,0,0,1
GTseq.prod.105409,Mnov_gtseq_68,z0041274b.GTseq.prod,NA,G,C,NA,NA,4,2,0,0,0
RunMS58.27232,Mnov_gtseq_68,z0041274.RunMS58,C/G,G,C,NA,NA,211,108,0,0,2
GTseq.prod.81458,Mnov_gtseq_91,z0041274.GTseq.prod,A/A,A,NA,NA,NA,14,0,0,0,1
GTseq.prod.110290,Mnov_gtseq_91,z0041274b.GTseq.prod,NA,A,NA,NA,NA,3,0,0,0,0
RunMS58.18663,Mnov_gtseq_91,z0041274.RunMS58,A/G,G,A,N,T,387,355,2,1,2
GTseq.prod.52241,Mnov_gtseq_383,z0173485.GTseq.prod,C/T,C,T,NA,NA,39,31,0,0,2
GTseq.prod.79003,Mnov_gtseq_383,z0173485b.GTseq.prod,T/T,T,C,NA,NA,15,3,0,0,1
GTseq.prod.64902,Mnov_gtseq_222,z0196727b.GTseq.prod,C/T,C,T,NA,NA,25,12,0,0,2
GTseq.prod.91181,Mnov_gtseq_222,z0196727.GTseq.prod,C/C,C,T,NA,NA,9,1,0,0,1
GTseq.prod.78390,Mnov_gtseq_223,z0196727b.GTseq.prod,C/T,C,T,NA,NA,15,10,0,0,2
GTseq.prod.82726,Mnov_gtseq_223,z0196727.GTseq.prod,T/T,T,C,NA,NA,13,3,0,0,1
GTseq.prod.76812,Mnov_gtseq_304,z0196727b.GTseq.prod,A/A,A,G,NA,NA,16,1,0,0,1
GTseq.prod.96644,Mnov_gtseq_304,z0196727.GTseq.prod,A/G,A,G,NA,NA,7,3,0,0,2
GTseq.prod.66741,Mnov_gtseq_93,z0196748.GTseq.prod,G/T,G,T,NA,NA,24,14,0,0,2
GTseq.prod.83098,Mnov_gtseq_93,z0196748b.GTseq.prod,T/T,T,NA,NA,NA,13,0,0,0,1
GTseq.prod.11992,Mnov_gtseq_300,z0051400b.GTseq.prod,C/T,C,T,NA,NA,178,106,0,0,2
GTseq.prod.49781,Mnov_gtseq_300,z0051400.GTseq.prod,C/C,C,T,NA,NA,42,8,0,0,1
GTseq.prod.75566,Mnov_gtseq_155,z0195735b.GTseq.prod,A/C,A,C,NA,NA,17,15,0,0,2
GTseq.prod.82432,Mnov_gtseq_155,z0195735.GTseq.prod,C/C,C,A,NA,NA,13,2,0,0,1
GTseq.prod.82435,Mnov_gtseq_182,z0195735.GTseq.prod,A/A,A,G,NA,NA,13,3,0,0,1
GTseq.prod.92883,Mnov_gtseq_182,z0195735b.GTseq.prod,A/G,A,G,NA,NA,8,8,0,0,2
GTseq.prod.68887,Mnov_gtseq_406,z0195735.GTseq.prod,G/T,T,G,NA,NA,22,22,0,0,2
GTseq.prod.72634,Mnov_gtseq_406,z0195735b.GTseq.prod,T/T,T,G,NA,NA,19,3,0,0,1
GTseq.prod.90778,Mnov_gtseq_515,z0056073.GTseq.prod,A/A,A,G,NA,NA,9,1,0,0,1
GTseq.prod.135153,Mnov_gtseq_515,z0056073b.GTseq.prod,NA,A,NA,NA,NA,1,0,0,0,0
RunMS58.28403,Mnov_gtseq_515,z0056073.RunMS58,A/G,A,G,NA,NA,192,184,0,0,2
GTseq.prod.35115,Mnov_gtseq_300,z0196709.GTseq.prod,C/C,C,T,NA,NA,68,16,0,0,1
GTseq.prod.80530,Mnov_gtseq_300,z0196709b.GTseq.prod,C/T,C,T,NA,NA,14,9,0,0,2
GTseq.prod.75604,Mnov_gtseq_415,z0196709.GTseq.prod,C/C,C,T,NA,NA,17,2,0,0,1
GTseq.prod.90655,Mnov_gtseq_415,z0196709b.GTseq.prod,C/T,C,T,NA,NA,9,6,0,0,2
GTseq.prod.77123,Mnov_gtseq_504,z0196709.GTseq.prod,A/G,G,A,NA,NA,16,9,0,0,2
GTseq.prod.90648,Mnov_gtseq_504,z0196709b.GTseq.prod,A/A,A,G,NA,NA,9,1,0,0,1
GTseq.prod.81082,Mnov_gtseq_112,z0196809b.GTseq.prod,C/T,C,T,NA,NA,14,11,0,0,2
GTseq.prod.89198,Mnov_gtseq_112,z0196809.GTseq.prod,C/C,C,T,NA,NA,10,2,0,0,1
GTseq.prod.36536,Mnov_gtseq_523,z0043940b.GTseq.prod,C/T,C,T,N,NA,65,46,1,0,2
GTseq.prod.91758,Mnov_gtseq_523,z0043940.GTseq.prod,T/T,T,C,NA,NA,9,2,0,0,1
GTseq.prod.4320,Mnov_gtseq_1,z0045731.GTseq.prod,C/T,C,T,G,NA,336,311,1,0,2
GTseq.prod.90172,Mnov_gtseq_1,z0045731b.GTseq.prod,C/C,C,T,NA,NA,9,2,0,0,1
GTseq.prod.7663,Mnov_gtseq_197,z0045731.GTseq.prod,G/T,G,T,NA,NA,239,230,0,0,2
GTseq.prod.90176,Mnov_gtseq_197,z0045731b.GTseq.prod,G/G,G,T,NA,NA,9,2,0,0,1
GTseq.prod.7717,Mnov_gtseq_225,z0045731.GTseq.prod,A/G,A,G,NA,NA,238,219,0,0,2
GTseq.prod.85788,Mnov_gtseq_225,z0045731b.GTseq.prod,G/G,G,A,NA,NA,11,2,0,0,1
GTseq.prod.19880,Mnov_gtseq_289,z0045731.GTseq.prod,A/G,G,A,NA,NA,120,97,0,0,2
GTseq.prod.81940,Mnov_gtseq_289,z0045731b.GTseq.prod,G/G,G,A,NA,NA,13,3,0,0,1
GTseq.prod.47680,Mnov_gtseq_63,z0196860b.GTseq.prod,A/G,G,A,C,NA,45,40,1,0,2
GTseq.prod.89635,Mnov_gtseq_63,z0196860.GTseq.prod,A/A,A,G,NA,NA,10,2,0,0,1
GTseq.prod.88555,Mnov_gtseq_90,z0043686.GTseq.prod,A/A,A,NA,NA,NA,10,0,0,0,1
RunMS58.7288,Mnov_gtseq_90,z0043686.RunMS58,A/G,G,A,T,C,894,877,1,1,2
GTseq.prod.25848,Mnov_gtseq_74,z0196736.GTseq.prod,G/T,T,G,NA,NA,94,87,0,0,2
GTseq.prod.82438,Mnov_gtseq_74,z0196736b.GTseq.prod,T/T,T,G,NA,NA,13,3,0,0,1
GTseq.prod.82653,Mnov_gtseq_19,z0043704.GTseq.prod,T/T,T,NA,NA,NA,13,0,0,0,1
GTseq.prod.117400,Mnov_gtseq_19,z0043704b.GTseq.prod,NA,C,NA,NA,NA,2,0,0,0,0
RunMS58.33769,Mnov_gtseq_19,z0043704.RunMS58,C/T,C,T,NA,NA,115,92,0,0,2
GTseq.prod.84537,Mnov_gtseq_190,z0043704.GTseq.prod,G/G,G,NA,NA,NA,12,0,0,0,1
RunMS58.36491,Mnov_gtseq_190,z0043704.RunMS58,C/G,C,G,A,NA,81,68,1,0,2
GTseq.prod.91081,Mnov_gtseq_216,z0043704.GTseq.prod,G/G,G,A,NA,NA,9,1,0,0,1
RunMS58.36226,Mnov_gtseq_216,z0043704.RunMS58,A/A,A,G,NA,NA,84,1,0,0,1
GTseq.prod.86617,Mnov_gtseq_268,z0043704.GTseq.prod,A/A,A,T,NA,NA,11,1,0,0,1
GTseq.prod.129094,Mnov_gtseq_268,z0043704b.GTseq.prod,NA,G,NA,NA,NA,1,0,0,0,0
RunMS58.19736,Mnov_gtseq_268,z0043704.RunMS58,A/G,A,G,C,NA,360,337,1,0,2
GTseq.prod.74480,Mnov_gtseq_28,z0043704.GTseq.prod,C/C,C,T,NA,NA,18,2,0,0,1
GTseq.prod.129138,Mnov_gtseq_28,z0043704b.GTseq.prod,NA,T,NA,NA,NA,1,0,0,0,0
RunMS58.35042,Mnov_gtseq_28,z0043704.RunMS58,C/T,C,T,NA,NA,99,93,0,0,2
GTseq.prod.84538,Mnov_gtseq_284,z0043704.GTseq.prod,G/G,G,NA,NA,NA,12,0,0,0,1
GTseq.prod.110600,Mnov_gtseq_284,z0043704b.GTseq.prod,NA,C,NA,NA,NA,3,0,0,0,0
RunMS58.28858,Mnov_gtseq_284,z0043704.RunMS58,C/G,G,C,NA,NA,185,164,0,0,2
GTseq.prod.88773,Mnov_gtseq_341,z0043704.GTseq.prod,C/C,C,NA,NA,NA,10,0,0,0,1
GTseq.prod.129086,Mnov_gtseq_341,z0043704b.GTseq.prod,NA,T,NA,NA,NA,1,0,0,0,0
RunMS58.27009,Mnov_gtseq_341,z0043704.RunMS58,T/T,T,NA,NA,NA,214,0,0,0,1
GTseq.prod.88774,Mnov_gtseq_43,z0043704.GTseq.prod,T/T,T,C,NA,NA,10,1,0,0,1
GTseq.prod.117411,Mnov_gtseq_43,z0043704b.GTseq.prod,NA,C,T,NA,NA,2,1,0,0,0
RunMS58.35366,Mnov_gtseq_43,z0043704.RunMS58,C/T,C,T,NA,NA,95,92,0,0,2
GTseq.prod.93708,Mnov_gtseq_518,z0043704.GTseq.prod,C/G,C,G,NA,NA,8,4,0,0,2
GTseq.prod.117410,Mnov_gtseq_518,z0043704b.GTseq.prod,NA,C,NA,NA,NA,2,0,0,0,0
RunMS58.32024,Mnov_gtseq_518,z0043704.RunMS58,C/C,C,NA,NA,NA,139,0,0,0,1
GTseq.prod.96518,Mnov_gtseq_65,z0043704.GTseq.prod,C/G,G,C,NA,NA,7,4,0,0,2
RunMS58.20562,Mnov_gtseq_65,z0043704.RunMS58,C/C,C,NA,NA,NA,340,0,0,0,1
GTseq.prod.90435,Mnov_gtseq_258,z0195648.GTseq.prod,T/T,T,C,A,NA,9,2,1,0,1
RunMS58.21734,Mnov_gtseq_258,z0195648.RunMS58,C/T,T,C,NA,NA,314,301,0,0,2
GTseq.prod.91133,Mnov_gtseq_21,z0053055.GTseq.prod,T/T,T,C,NA,NA,9,2,0,0,1
RunMS58.6369,Mnov_gtseq_21,z0053055.RunMS58,C/T,T,C,G,NA,973,929,1,0,2
GTseq.prod.76036,Mnov_gtseq_90,z0053055.GTseq.prod,G/G,G,A,NA,NA,17,3,0,0,1
RunMS58.2675,Mnov_gtseq_90,z0053055.RunMS58,A/G,G,A,T,NA,1535,1461,1,0,2
GTseq.prod.83042,Mnov_gtseq_141,z0045347.GTseq.prod,T/T,T,G,NA,NA,13,2,0,0,1
RunMS58.7324,Mnov_gtseq_141,z0045347.RunMS58,G/T,T,G,NA,NA,891,494,0,0,2
GTseq.prod.85842,Mnov_gtseq_181,z0056064.GTseq.prod,G/G,G,NA,NA,NA,11,0,0,0,1
RunMS58.40648,Mnov_gtseq_181,z0056064.RunMS58,A/G,A,G,N,NA,38,31,1,0,2
GTseq.prod.88037,Mnov_gtseq_253,z0056064.GTseq.prod,C/C,C,T,NA,NA,10,1,0,0,1
RunMS58.23631,Mnov_gtseq_253,z0056064.RunMS58,C/T,T,C,A,G,276,274,1,1,2
GTseq.prod.80238,Mnov_gtseq_308,z0056064.GTseq.prod,C/C,C,T,NA,NA,14,1,0,0,1
RunMS58.6312,Mnov_gtseq_308,z0056064.RunMS58,C/T,C,T,X,NA,979,918,1,0,2
GTseq.prod.85854,Mnov_gtseq_394,z0056064.GTseq.prod,C/C,C,T,NA,NA,11,2,0,0,1
RunMS58.3446,Mnov_gtseq_394,z0056064.RunMS58,C/T,T,C,N,NA,1364,1222,2,0,2
GTseq.prod.81185,Mnov_gtseq_339,z0056065.GTseq.prod,C/C,C,G,NA,NA,14,3,0,0,1
RunMS58.15216,Mnov_gtseq_339,z0056065.RunMS58,C/G,G,C,NA,NA,488,446,0,0,2
GTseq.prod.69237,Mnov_gtseq_546,z0056065.GTseq.prod,A/A,A,G,NA,NA,22,5,0,0,1
RunMS58.32545,Mnov_gtseq_546,z0056065.RunMS58,A/G,A,G,NA,NA,131,104,0,0,2
GTseq.prod.79501,Mnov_gtseq_68,z0056065.GTseq.prod,G/G,G,C,NA,NA,15,3,0,0,1
RunMS58.7048,Mnov_gtseq_68,z0056065.RunMS58,C/G,G,C,NA,NA,914,462,0,0,2
GTseq.prod.84948,Mnov_gtseq_80,z0056065.GTseq.prod,C/C,C,T,NA,NA,12,2,0,0,1
RunMS58.17639,Mnov_gtseq_80,z0056065.RunMS58,C/T,C,T,NA,NA,414,386,0,0,2
GTseq.prod.87723,Mnov_gtseq_225,z0195705.GTseq.prod,G/G,G,A,NA,NA,11,1,0,0,1
RunMS58.19951,Mnov_gtseq_225,z0195705.RunMS58,A/G,G,A,X,NA,355,335,1,0,2
GTseq.prod.70153,Mnov_gtseq_300,z0195751.GTseq.prod,C/C,C,T,NA,NA,21,1,0,0,1
RunMS58.6788,Mnov_gtseq_300,z0195751.RunMS58,C/T,C,T,NA,NA,936,551,0,0,2
GTseq.prod.77358,Mnov_gtseq_413,z0195751.GTseq.prod,G/G,G,A,NA,NA,16,3,0,0,1
RunMS58.16846,Mnov_gtseq_413,z0195751.RunMS58,A/G,A,G,NA,NA,437,434,0,0,2
GTseq.prod.80657,Mnov_gtseq_98,z0195751.GTseq.prod,G/G,G,A,NA,NA,14,2,0,0,1
RunMS58.7615,Mnov_gtseq_98,z0195751.RunMS58,A/G,G,A,NA,NA,868,829,0,0,2
GTseq.prod.74913,Mnov_gtseq_340,z0061969.GTseq.prod,A/A,A,G,NA,NA,18,3,0,0,1
RunMS58.33368,Mnov_gtseq_340,z0061969.RunMS58,A/G,G,A,NA,NA,121,116,0,0,2
GTseq.prod.44000,Mnov_gtseq_88,z0061969.GTseq.prod,C/C,C,G,NA,NA,51,10,0,0,1
RunMS58.5935,Mnov_gtseq_88,z0061969.RunMS58,C/G,C,G,A,NA,1019,445,1,0,2
GTseq.prod.70713,Mnov_gtseq_91,z0061969.GTseq.prod,A/A,A,NA,NA,NA,21,0,0,0,1
RunMS58.1279,Mnov_gtseq_91,z0061969.RunMS58,A/G,A,G,N,X,2025,1994,9,2,2
GTseq.prod.89798,Mnov_gtseq_263,z0056069.GTseq.prod,A/A,A,G,NA,NA,10,2,0,0,1
RunMS58.8696,Mnov_gtseq_263,z0056069.RunMS58,A/G,A,G,NA,NA,789,706,0,0,2
GTseq.prod.89792,Mnov_gtseq_47,z0056069.GTseq.prod,A/A,A,G,NA,NA,10,1,0,0,1
RunMS58.9229,Mnov_gtseq_47,z0056069.RunMS58,A/G,G,A,C,T,755,701,1,1,2
GTseq.prod.83215,Mnov_gtseq_114,z0197664.GTseq.prod,T/T,T,C,NA,NA,13,2,0,0,1
RunMS58.25357,Mnov_gtseq_114,z0197664.RunMS58,C/T,C,T,N,G,243,237,10,1,2
GTseq.prod.65810,Mnov_gtseq_155,z0197664.GTseq.prod,C/C,C,A,NA,NA,25,6,0,0,1
RunMS58.15814,Mnov_gtseq_155,z0197664.RunMS58,A/C,C,A,G,NA,467,458,1,0,2
GTseq.prod.58507,Mnov_gtseq_271,z0197664.GTseq.prod,C/C,C,T,NA,NA,32,6,0,0,1
RunMS58.15415,Mnov_gtseq_271,z0197664.RunMS58,C/T,C,T,NA,NA,481,431,0,0,2
GTseq.prod.91839,Mnov_gtseq_30,z0197664.GTseq.prod,C/C,C,G,NA,NA,9,2,0,0,1
RunMS58.38664,Mnov_gtseq_30,z0197664.RunMS58,C/G,C,G,NA,NA,57,55,0,0,2
GTseq.prod.72278,Mnov_gtseq_22,z0196805.GTseq.prod,G/G,G,T,NA,NA,20,2,0,0,1
RunMS58.17795,Mnov_gtseq_22,z0196805.RunMS58,G/T,G,T,X,NA,409,230,1,0,2
GTseq.prod.83487,Mnov_gtseq_227,z0196805.GTseq.prod,T/T,T,C,NA,NA,13,3,0,0,1
RunMS58.9994,Mnov_gtseq_227,z0196805.RunMS58,C/T,T,C,A,N,708,651,2,1,2
GTseq.prod.62628,Mnov_gtseq_68,z0196805.GTseq.prod,G/G,G,C,T,A,28,4,1,1,1
RunMS58.13008,Mnov_gtseq_68,z0196805.RunMS58,C/G,G,C,A,NA,566,246,1,0,2
GTseq.prod.76575,Mnov_gtseq_397,z0043693.GTseq.prod,G/G,G,T,NA,NA,17,2,0,0,1
RunMS58.8832,Mnov_gtseq_397,z0043693.RunMS58,G/T,G,T,A,NA,778,637,1,0,2
GTseq.prod.91451,Mnov_gtseq_182,z0196891.GTseq.prod,A/A,A,G,NA,NA,9,2,0,0,1
RunMS58.21259,Mnov_gtseq_182,z0196891.RunMS58,A/G,A,G,C,NA,324,144,1,0,2
GTseq.prod.96958,Mnov_gtseq_309,z0196891.GTseq.prod,A/C,A,C,NA,NA,7,4,0,0,2
RunMS58.10083,Mnov_gtseq_309,z0196891.RunMS58,A/A,A,C,G,T,703,115,2,1,1
GTseq.prod.62101,Mnov_gtseq_91,z0196851.GTseq.prod,A/A,A,G,NA,NA,28,2,0,0,1
RunMS58.3367,Mnov_gtseq_91,z0196851.RunMS58,A/G,A,G,N,T,1376,1281,7,2,2
GTseq.prod.78529,Mnov_gtseq_51,z0196846.GTseq.prod,G/G,G,A,NA,NA,15,3,0,0,1
RunMS58.29870,Mnov_gtseq_51,z0196846.RunMS58,A/G,A,G,NA,NA,170,144,0,0,2
GTseq.prod.87929,Mnov_gtseq_91,z0196846.GTseq.prod,A/A,A,N,NA,NA,10,1,0,0,1
RunMS58.5908,Mnov_gtseq_91,z0196846.RunMS58,A/G,A,G,N,NA,1022,855,3,0,2
GTseq.prod.88553,Mnov_gtseq_155,z0195693.GTseq.prod,A/A,A,C,T,NA,10,2,1,0,1
RunMS58.25844,Mnov_gtseq_155,z0195693.RunMS58,A/C,A,C,NA,NA,234,106,0,0,2
GTseq.prod.83437,Mnov_gtseq_300,z0195682.GTseq.prod,C/C,C,T,NA,NA,13,3,0,0,1
RunMS58.9462,Mnov_gtseq_300,z0195682.RunMS58,C/T,C,T,A,NA,740,392,1,0,2
GTseq.prod.90502,Mnov_gtseq_50,z0195756.GTseq.prod,C/C,C,G,NA,NA,9,2,0,0,1
RunMS58.26984,Mnov_gtseq_50,z0195756.RunMS58,C/G,G,C,NA,NA,215,194,0,0,2
GTseq.prod.86069,Mnov_gtseq_71,z0195756.GTseq.prod,G/G,G,A,NA,NA,11,2,0,0,1
RunMS58.21421,Mnov_gtseq_71,z0195756.RunMS58,A/G,G,A,NA,NA,321,283,0,0,2
GTseq.prod.82035,Mnov_gtseq_214,z0196839.GTseq.prod,T/T,T,C,NA,NA,13,2,0,0,1
RunMS58.28924,Mnov_gtseq_214,z0196839.RunMS58,C/T,C,T,NA,NA,184,170,0,0,2
GTseq.prod.88081,Mnov_gtseq_222,z0196839.GTseq.prod,C/C,C,T,NA,NA,10,1,0,0,1
RunMS58.27817,Mnov_gtseq_222,z0196839.RunMS58,C/T,C,T,NA,NA,201,106,0,0,2
GTseq.prod.74000,Mnov_gtseq_91,z0196839.GTseq.prod,A/A,A,NA,NA,NA,18,0,0,0,1
RunMS58.6072,Mnov_gtseq_91,z0196839.RunMS58,A/G,G,A,N,T,1003,926,4,1,2
GTseq.prod.86821,Mnov_gtseq_299,z0029860.GTseq.prod,G/G,G,C,NA,NA,11,2,0,0,1
RunMS58.13715,Mnov_gtseq_299,z0029860.RunMS58,C/G,G,C,A,NA,540,524,1,0,2
GTseq.prod.55640,Mnov_gtseq_300,z0029860.GTseq.prod,C/C,C,T,NA,NA,35,5,0,0,1
RunMS58.9507,Mnov_gtseq_300,z0029860.RunMS58,C/T,C,T,NA,NA,737,424,0,0,2
GTseq.prod.70447,Mnov_gtseq_315,z0029860.GTseq.prod,T/T,T,C,NA,NA,21,5,0,0,1
RunMS58.32215,Mnov_gtseq_315,z0029860.RunMS58,C/T,T,C,NA,NA,137,133,0,0,2
GTseq.prod.90658,Mnov_gtseq_39,z0029828.GTseq.prod,T/T,T,C,NA,NA,9,2,0,0,1
RunMS58.16624,Mnov_gtseq_39,z0029828.RunMS58,C/T,C,T,NA,NA,444,383,0,0,2
GTseq.prod.88380,Mnov_gtseq_544,z0029828.GTseq.prod,C/C,C,T,NA,NA,10,1,0,0,1
RunMS58.33144,Mnov_gtseq_544,z0029828.RunMS58,C/T,C,T,NA,NA,124,111,0,0,2
GTseq.prod.90661,Mnov_gtseq_6,z0029828.GTseq.prod,C/C,C,T,NA,NA,9,2,0,0,1
RunMS58.25289,Mnov_gtseq_6,z0029828.RunMS58,C/T,C,T,NA,NA,245,190,0,0,2
GTseq.prod.52422,Mnov_gtseq_300,z0043819.GTseq.prod,C/C,C,T,NA,NA,39,5,0,0,1
RunMS58.8835,Mnov_gtseq_300,z0043819.RunMS58,C/T,C,T,NA,NA,778,393,0,0,2
GTseq.prod.79722,Mnov_gtseq_91,z0043819.GTseq.prod,A/A,A,G,NA,NA,15,1,0,0,1
RunMS58.7025,Mnov_gtseq_91,z0043819.RunMS58,A/G,A,G,N,C,916,845,4,2,2
GTseq.prod.44165,Mnov_gtseq_140,z0195755.GTseq.prod,C/C,C,T,NA,NA,50,11,0,0,1
RunMS58.28369,Mnov_gtseq_140,z0195755.RunMS58,C/T,C,T,A,NA,193,87,1,0,2
GTseq.prod.73118,Mnov_gtseq_312,z0029863.GTseq.prod,T/T,T,C,NA,NA,19,2,0,0,1
RunMS58.28323,Mnov_gtseq_312,z0029863.RunMS58,C/T,C,T,NA,NA,193,171,0,0,2
GTseq.prod.79308,Mnov_gtseq_222,z0196811.GTseq.prod,C/C,C,T,NA,NA,15,3,0,0,1
RunMS58.26535,Mnov_gtseq_222,z0196811.RunMS58,C/T,C,T,NA,NA,222,124,0,0,2
GTseq.prod.77681,Mnov_gtseq_91,z0196811.GTseq.prod,A/A,A,G,NA,NA,16,1,0,0,1
RunMS58.7986,Mnov_gtseq_91,z0196811.RunMS58,A/G,A,G,C,NA,839,833,2,0,2
GTseq.prod.83037,Mnov_gtseq_401,z0195778.GTseq.prod,T/T,T,C,NA,NA,13,3,0,0,1
RunMS58.16131,Mnov_gtseq_401,z0195778.RunMS58,C/T,C,T,NA,NA,458,449,0,0,2
GTseq.prod.91632,Mnov_gtseq_51,z0195778.GTseq.prod,G/G,G,A,NA,NA,9,2,0,0,1
RunMS58.33236,Mnov_gtseq_51,z0195778.RunMS58,A/G,A,G,NA,NA,122,120,0,0,2
GTseq.prod.81223,Mnov_gtseq_91,z0195778.GTseq.prod,A/A,A,G,NA,NA,14,1,0,0,1
RunMS58.11274,Mnov_gtseq_91,z0195778.RunMS58,A/G,G,A,C,NA,643,561,1,0,2
GTseq.prod.69234,Mnov_gtseq_271,z0040308.GTseq.prod,C/C,C,T,NA,NA,22,2,0,0,1
RunMS58.26781,Mnov_gtseq_271,z0040308.RunMS58,C/T,C,T,NA,NA,218,186,0,0,2
GTseq.prod.30099,Mnov_gtseq_300,z0040308.GTseq.prod,C/C,C,T,NA,NA,81,15,0,0,1
RunMS58.13942,Mnov_gtseq_300,z0040308.RunMS58,C/T,C,T,NA,NA,531,318,0,0,2
GTseq.prod.86845,Mnov_gtseq_91,z0040387.GTseq.prod,A/A,A,N,NA,NA,11,1,0,0,1
RunMS58.11271,Mnov_gtseq_91,z0040387.RunMS58,A/G,A,G,T,N,643,601,2,1,2
GTseq.prod.17219,Mnov_gtseq_300,z0041519.GTseq.prod,C/C,C,T,NA,NA,135,27,0,0,1
RunMS58.15632,Mnov_gtseq_300,z0041519.RunMS58,C/T,C,T,NA,NA,473,253,0,0,2
GTseq.prod.42995,Mnov_gtseq_8,z0041519.GTseq.prod,T/T,T,C,NA,NA,52,6,0,0,1
RunMS58.20457,Mnov_gtseq_8,z0041519.RunMS58,C/T,T,C,NA,NA,343,189,0,0,2
GTseq.prod.64669,Mnov_gtseq_300,z0195777.GTseq.prod,C/C,C,T,NA,NA,26,2,0,0,1
RunMS58.19586,Mnov_gtseq_300,z0195777.RunMS58,C/T,C,T,NA,NA,364,221,0,0,2
GTseq.prod.86728,Mnov_gtseq_220,z0053842.GTseq.prod,G/G,G,A,NA,NA,11,1,0,0,1
RunMS58.27399,Mnov_gtseq_220,z0053842.RunMS58,A/G,G,A,NA,NA,208,186,0,0,2
GTseq.prod.82757,Mnov_gtseq_91,z0053842.GTseq.prod,A/A,A,G,N,NA,13,1,1,0,1
RunMS58.14195,Mnov_gtseq_91,z0053842.RunMS58,A/G,A,G,N,NA,522,499,1,0,2
GTseq.prod.83173,Mnov_gtseq_472,z0195736.GTseq.prod,T/T,T,C,NA,NA,13,3,0,0,1
RunMS58.33858,Mnov_gtseq_472,z0195736.RunMS58,C/T,T,C,NA,NA,114,94,0,0,2
GTseq.prod.72068,Mnov_gtseq_91,z0195736.GTseq.prod,A/A,A,G,NA,NA,20,1,0,0,1
RunMS58.13835,Mnov_gtseq_91,z0195736.RunMS58,A/G,A,G,N,C,535,467,2,1,2
GTseq.prod.97457,Mnov_gtseq_300,z0043668.GTseq.prod,C/T,T,C,NA,NA,7,3,0,0,2
RunMS58.14142,Mnov_gtseq_300,z0043668.RunMS58,T/T,T,A,C,NA,524,1,1,0,1
GTseq.prod.62498,Mnov_gtseq_88,z0043668.GTseq.prod,C/C,C,G,NA,NA,28,4,0,0,1
RunMS58.26316,Mnov_gtseq_88,z0043668.RunMS58,C/G,C,G,A,NA,225,123,1,0,2
GTseq.prod.84444,Mnov_gtseq_91,z0041243.GTseq.prod,A/A,A,NA,NA,NA,12,0,0,0,1
RunMS58.16550,Mnov_gtseq_91,z0041243.RunMS58,A/G,A,G,C,T,445,427,2,1,2
GTseq.prod.29144,Mnov_gtseq_300,z0043566.GTseq.prod,C/C,C,T,NA,NA,84,19,0,0,1
RunMS58.22921,Mnov_gtseq_300,z0043566.RunMS58,C/T,C,T,NA,NA,290,133,0,0,2
GTseq.prod.83182,Mnov_gtseq_8,z0043566.GTseq.prod,T/T,T,C,NA,NA,13,3,0,0,1
RunMS58.27357,Mnov_gtseq_8,z0043566.RunMS58,C/T,T,C,NA,NA,209,101,0,0,2
GTseq.prod.78022,Mnov_gtseq_91,z0043566.GTseq.prod,A/A,A,G,NA,NA,16,1,0,0,1
RunMS58.18071,Mnov_gtseq_91,z0043566.RunMS58,A/G,A,G,NA,NA,402,381,0,0,2