"","locus","Indiv","gt","haplo.1","haplo.2","haplo.3","haplo.4","depth.1","depth.2","depth.3","depth.4","num.haps","labID","run.to.use"
"1","Mnov_gtseq_312","z0051875_RunMS58.replicates.merged","C/T","T","C",NA,NA,17,8,0,0,"2","z0051875","RunMS58.MS51.MS45.90s.MS54.merged"
"2","Mnov_gtseq_312","z0051875_RunMS58.MS51.merged","C/T","T","C",NA,NA,17,8,0,0,"2","z0051875","RunMS58.MS51.MS45.90s.MS54.merged"
"3","Mnov_gtseq_312","z0051875_RunMS58.MS51.MS45.90s.merged","C/T","T","C",NA,NA,17,8,0,0,"2","z0051875","RunMS58.MS51.MS45.90s.MS54.merged"
"4","Mnov_gtseq_312","z0051875_RunMS58.MS51.MS45.90s.MS54.merged","T/T","T","C",NA,NA,33,8,0,0,"1","z0051875","RunMS58.MS51.MS45.90s.MS54.merged"
"5","Mnov_gtseq_312","z0051875_RunMS58.MS51.MS45.90s.MS54.GTseq.val.merged","T/T","T","C",NA,NA,33,8,0,0,"1","z0051875","RunMS58.MS51.MS45.90s.MS54.merged"
"6","Mnov_gtseq_312","z0051875_RunMS58.MS51.MS45.90s.MS54.GTseq.val.GTseq.prod.merged","T/T","T","C",NA,NA,33,8,0,0,"1","z0051875","RunMS58.MS51.MS45.90s.MS54.merged"
"7","Mnov_gtseq_39","z0197682_RunMS58.replicates.merged","C/C","C","T",NA,NA,38,9,0,0,"1","z0197682","RunMS58.MS51.MS45.90s.merged"
"8","Mnov_gtseq_39","z0197682_RunMS58.MS51.merged","C/C","C","T",NA,NA,38,9,0,0,"1","z0197682","RunMS58.MS51.MS45.90s.merged"
"9","Mnov_gtseq_39","z0197682_RunMS58.MS51.MS45.90s.merged","C/T","C","T",NA,NA,78,43,0,0,"2","z0197682","RunMS58.MS51.MS45.90s.merged"
"10","Mnov_gtseq_39","z0197682_RunMS58.MS51.MS45.90s.MS54.merged","C/T","C","T",NA,NA,78,43,0,0,"2","z0197682","RunMS58.MS51.MS45.90s.merged"
"11","Mnov_gtseq_39","z0197682_RunMS58.MS51.MS45.90s.MS54.GTseq.val.merged","C/T","C","T",NA,NA,78,43,0,0,"2","z0197682","RunMS58.MS51.MS45.90s.merged"
"12","Mnov_gtseq_39","z0197682_RunMS58.MS51.MS45.90s.MS54.GTseq.val.GTseq.prod.merged","C/T","C","T",NA,NA,78,46,0,0,"2","z0197682","RunMS58.MS51.MS45.90s.merged"
"13","Mnov_gtseq_547","z0197682_RunMS58.replicates.merged","T/T","T","C",NA,NA,25,5,0,0,"1","z0197682","RunMS58.MS51.MS45.90s.merged"
"14","Mnov_gtseq_547","z0197682_RunMS58.MS51.merged",NA,"T","C",NA,NA,26,7,0,0,"0","z0197682","RunMS58.MS51.MS45.90s.merged"
"15","Mnov_gtseq_547","z0197682_RunMS58.MS51.MS45.90s.merged","C/T","T","C",NA,NA,41,30,0,0,"2","z0197682","RunMS58.MS51.MS45.90s.merged"
"16","Mnov_gtseq_547","z0197682_RunMS58.MS51.MS45.90s.MS54.merged","C/T","T","C",NA,NA,41,30,0,0,"2","z0197682","RunMS58.MS51.MS45.90s.merged"
"17","Mnov_gtseq_547","z0197682_RunMS58.MS51.MS45.90s.MS54.GTseq.val.merged","C/T","T","C",NA,NA,41,30,0,0,"2","z0197682","RunMS58.MS51.MS45.90s.merged"
"18","Mnov_gtseq_547","z0197682_RunMS58.MS51.MS45.90s.MS54.GTseq.val.GTseq.prod.merged","C/T","T","C",NA,NA,41,30,0,0,"2","z0197682","RunMS58.MS51.MS45.90s.merged"
"19","Mnov_gtseq_354","z0195697_RunMS58.MS51.merged","TA/TA","TA","CG",NA,NA,19,1,0,0,"1","z0195697","RunMS58.MS51.MS45.90s.MS54.GTseq.val.GTseq.prod.merged"
"20","Mnov_gtseq_354","z0195697_RunMS58.MS51.MS45.90s.merged","TA/TA","TA","CG",NA,NA,19,1,0,0,"1","z0195697","RunMS58.MS51.MS45.90s.MS54.GTseq.val.GTseq.prod.merged"
"21","Mnov_gtseq_354","z0195697_RunMS58.MS51.MS45.90s.MS54.merged","TA/TA","TA","CG",NA,NA,19,1,0,0,"1","z0195697","RunMS58.MS51.MS45.90s.MS54.GTseq.val.GTseq.prod.merged"
"22","Mnov_gtseq_354","z0195697_RunMS58.MS51.MS45.90s.MS54.GTseq.val.merged","TA/TA","TA","CG",NA,NA,19,1,0,0,"1","z0195697","RunMS58.MS51.MS45.90s.MS54.GTseq.val.GTseq.prod.merged"
"23","Mnov_gtseq_354","z0195697_RunMS58.MS51.MS45.90s.MS54.GTseq.val.GTseq.prod.merged","CG/TA","TA","CG",NA,NA,29,15,0,0,"2","z0195697","RunMS58.MS51.MS45.90s.MS54.GTseq.val.GTseq.prod.merged"
"24","Mnov_gtseq_332","z0197662_RunMS58.MS51.merged","A/A","A","G",NA,NA,17,3,0,0,"1","z0197662","RunMS58.MS51.MS45.90s.MS54.GTseq.val.merged"
"25","Mnov_gtseq_332","z0197662_RunMS58.MS51.MS45.90s.merged","A/A","A","G",NA,NA,17,3,0,0,"1","z0197662","RunMS58.MS51.MS45.90s.MS54.GTseq.val.merged"
"26","Mnov_gtseq_332","z0197662_RunMS58.MS51.MS45.90s.MS54.merged","A/A","A","G",NA,NA,17,3,0,0,"1","z0197662","RunMS58.MS51.MS45.90s.MS54.GTseq.val.merged"
"27","Mnov_gtseq_332","z0197662_RunMS58.MS51.MS45.90s.MS54.GTseq.val.merged","A/G","A","G",NA,NA,41,27,0,0,"2","z0197662","RunMS58.MS51.MS45.90s.MS54.GTseq.val.merged"
"28","Mnov_gtseq_332","z0197662_RunMS58.MS51.MS45.90s.MS54.GTseq.val.GTseq.prod.merged","A/G","A","G",NA,NA,41,27,0,0,"2","z0197662","RunMS58.MS51.MS45.90s.MS54.GTseq.val.merged"
"29","Mnov_gtseq_91","z0045792_RunMS58.MS51.merged","A/G","A","G",NA,NA,11,9,0,0,"2","z0045792","RunMS58.MS51.MS45.90s.MS54.GTseq.val.GTseq.prod.merged"
"30","Mnov_gtseq_91","z0045792_RunMS58.MS51.MS45.90s.merged","A/G","A","G",NA,NA,11,9,0,0,"2","z0045792","RunMS58.MS51.MS45.90s.MS54.GTseq.val.GTseq.prod.merged"
"31","Mnov_gtseq_91","z0045792_RunMS58.MS51.MS45.90s.MS54.merged","A/G","A","G",NA,NA,11,9,0,0,"2","z0045792","RunMS58.MS51.MS45.90s.MS54.GTseq.val.GTseq.prod.merged"
"32","Mnov_gtseq_91","z0045792_RunMS58.MS51.MS45.90s.MS54.GTseq.val.merged","A/G","A","G",NA,NA,11,9,0,0,"2","z0045792","RunMS58.MS51.MS45.90s.MS54.GTseq.val.GTseq.prod.merged"
"33","Mnov_gtseq_91","z0045792_RunMS58.MS51.MS45.90s.MS54.GTseq.val.GTseq.prod.merged","A/A","A","G",NA,NA,63,13,0,0,"1","z0045792","RunMS58.MS51.MS45.90s.MS54.GTseq.val.GTseq.prod.merged"
"34","Mnov_gtseq_12","z0196738_RunMS58.MS51.merged","G/G","G","T",NA,NA,24,4,0,0,"1","z0196738","RunMS58.MS51.MS45.90s.MS54.GTseq.val.GTseq.prod.merged"
"35","Mnov_gtseq_12","z0196738_RunMS58.MS51.MS45.90s.merged","G/G","G","T",NA,NA,24,4,0,0,"1","z0196738","RunMS58.MS51.MS45.90s.MS54.GTseq.val.GTseq.prod.merged"
"36","Mnov_gtseq_12","z0196738_RunMS58.MS51.MS45.90s.MS54.merged","G/G","G","T",NA,NA,24,4,0,0,"1","z0196738","RunMS58.MS51.MS45.90s.MS54.GTseq.val.GTseq.prod.merged"
"37","Mnov_gtseq_12","z0196738_RunMS58.MS51.MS45.90s.MS54.GTseq.val.merged","G/G","G","T",NA,NA,24,4,0,0,"1","z0196738","RunMS58.MS51.MS45.90s.MS54.GTseq.val.GTseq.prod.merged"
"38","Mnov_gtseq_12","z0196738_RunMS58.MS51.MS45.90s.MS54.GTseq.val.GTseq.prod.merged","G/T","G","T",NA,NA,78,49,0,0,"2","z0196738","RunMS58.MS51.MS45.90s.MS54.GTseq.val.GTseq.prod.merged"
"39","Mnov_gtseq_58","z0053758_RunMS58.MS51.merged","CT/CT","CT","AC","CC",NA,20,4,4,0,"1","z0053758","RunMS58.MS51.MS45.90s.MS54.GTseq.val.GTseq.prod.merged"
"40","Mnov_gtseq_58","z0053758_RunMS58.MS51.MS45.90s.merged","CT/CT","CT","AC","CC",NA,20,4,4,0,"1","z0053758","RunMS58.MS51.MS45.90s.MS54.GTseq.val.GTseq.prod.merged"
"41","Mnov_gtseq_58","z0053758_RunMS58.MS51.MS45.90s.MS54.merged","CT/CT","CT","AC","CC",NA,20,4,4,0,"1","z0053758","RunMS58.MS51.MS45.90s.MS54.GTseq.val.GTseq.prod.merged"
"42","Mnov_gtseq_58","z0053758_RunMS58.MS51.MS45.90s.MS54.GTseq.val.merged","CT/CT","CT","CC","AC",NA,20,4,4,0,"1","z0053758","RunMS58.MS51.MS45.90s.MS54.GTseq.val.GTseq.prod.merged"
"43","Mnov_gtseq_58","z0053758_RunMS58.MS51.MS45.90s.MS54.GTseq.val.GTseq.prod.merged","AC/CT","CT","AC","CC",NA,35,24,4,0,"2","z0053758","RunMS58.MS51.MS45.90s.MS54.GTseq.val.GTseq.prod.merged"
"44","Mnov_gtseq_271","z0195720_RunMS58.MS51.merged","CT/CT","CT","TT",NA,NA,32,5,0,0,"1","z0195720","RunMS58.MS51.MS45.90s.MS54.GTseq.val.GTseq.prod.merged"
"45","Mnov_gtseq_271","z0195720_RunMS58.MS51.MS45.90s.merged","CT/CT","CT","TT",NA,NA,32,5,0,0,"1","z0195720","RunMS58.MS51.MS45.90s.MS54.GTseq.val.GTseq.prod.merged"
"46","Mnov_gtseq_271","z0195720_RunMS58.MS51.MS45.90s.MS54.merged","CT/CT","CT","TT",NA,NA,32,5,0,0,"1","z0195720","RunMS58.MS51.MS45.90s.MS54.GTseq.val.GTseq.prod.merged"
"47","Mnov_gtseq_271","z0195720_RunMS58.MS51.MS45.90s.MS54.GTseq.val.merged","CT/CT","CT","TT",NA,NA,32,5,0,0,"1","z0195720","RunMS58.MS51.MS45.90s.MS54.GTseq.val.GTseq.prod.merged"
"48","Mnov_gtseq_271","z0195720_RunMS58.MS51.MS45.90s.MS54.GTseq.val.GTseq.prod.merged","CT/TT","CT","TT",NA,NA,119,53,0,0,"2","z0195720","RunMS58.MS51.MS45.90s.MS54.GTseq.val.GTseq.prod.merged"
"49","Mnov_gtseq_473","z0196800_RunMS58.MS51.merged","AATG/AATG","AATG","GGCA",NA,NA,17,4,0,0,"1","z0196800","RunMS58.MS51.MS45.90s.MS54.GTseq.val.GTseq.prod.merged"
"50","Mnov_gtseq_473","z0196800_RunMS58.MS51.MS45.90s.merged","AATG/AATG","AATG","GGCA",NA,NA,17,4,0,0,"1","z0196800","RunMS58.MS51.MS45.90s.MS54.GTseq.val.GTseq.prod.merged"
"51","Mnov_gtseq_473","z0196800_RunMS58.MS51.MS45.90s.MS54.merged","AATG/AATG","AATG","GGCA",NA,NA,17,4,0,0,"1","z0196800","RunMS58.MS51.MS45.90s.MS54.GTseq.val.GTseq.prod.merged"
"52","Mnov_gtseq_473","z0196800_RunMS58.MS51.MS45.90s.MS54.GTseq.val.merged","AATG/AATG","AATG","GGCA",NA,NA,17,4,0,0,"1","z0196800","RunMS58.MS51.MS45.90s.MS54.GTseq.val.GTseq.prod.merged"
"53","Mnov_gtseq_473","z0196800_RunMS58.MS51.MS45.90s.MS54.GTseq.val.GTseq.prod.merged","AATG/GGCA","AATG","GGCA","GATG",NA,30,19,1,0,"2","z0196800","RunMS58.MS51.MS45.90s.MS54.GTseq.val.GTseq.prod.merged"
"54","Mnov_gtseq_270","z0173485_RunMS58.MS51.merged","G/G","G","C",NA,NA,25,5,0,0,"1","z0173485","RunMS58.MS51.MS45.90s.MS54.GTseq.val.GTseq.prod.merged"
"55","Mnov_gtseq_270","z0173485_RunMS58.MS51.MS45.90s.merged","G/G","G","C",NA,NA,25,5,0,0,"1","z0173485","RunMS58.MS51.MS45.90s.MS54.GTseq.val.GTseq.prod.merged"
"56","Mnov_gtseq_270","z0173485_RunMS58.MS51.MS45.90s.MS54.merged","G/G","G","C",NA,NA,25,5,0,0,"1","z0173485","RunMS58.MS51.MS45.90s.MS54.GTseq.val.GTseq.prod.merged"
"57","Mnov_gtseq_270","z0173485_RunMS58.MS51.MS45.90s.MS54.GTseq.val.merged","G/G","G","C",NA,NA,25,5,0,0,"1","z0173485","RunMS58.MS51.MS45.90s.MS54.GTseq.val.GTseq.prod.merged"
"58","Mnov_gtseq_270","z0173485_RunMS58.MS51.MS45.90s.MS54.GTseq.val.GTseq.prod.merged","C/G","G","C",NA,NA,56,32,0,0,"2","z0173485","RunMS58.MS51.MS45.90s.MS54.GTseq.val.GTseq.prod.merged"
"59","Mnov_gtseq_91","z0029846_RunMS58.MS51.merged","A/G","G","A",NA,NA,11,9,0,0,"2","z0029846","RunMS58.MS51.MS45.90s.MS54.GTseq.val.GTseq.prod.merged"
"60","Mnov_gtseq_91","z0029846_RunMS58.MS51.MS45.90s.merged","A/G","G","A",NA,NA,11,9,0,0,"2","z0029846","RunMS58.MS51.MS45.90s.MS54.GTseq.val.GTseq.prod.merged"
"61","Mnov_gtseq_91","z0029846_RunMS58.MS51.MS45.90s.MS54.merged","A/G","G","A",NA,NA,11,9,0,0,"2","z0029846","RunMS58.MS51.MS45.90s.MS54.GTseq.val.GTseq.prod.merged"
"62","Mnov_gtseq_91","z0029846_RunMS58.MS51.MS45.90s.MS54.GTseq.val.merged","A/G","G","A",NA,NA,11,9,0,0,"2","z0029846","RunMS58.MS51.MS45.90s.MS54.GTseq.val.GTseq.prod.merged"
"63","Mnov_gtseq_91","z0029846_RunMS58.MS51.MS45.90s.MS54.GTseq.val.GTseq.prod.merged","A/A","A","G",NA,NA,46,11,0,0,"1","z0029846","RunMS58.MS51.MS45.90s.MS54.GTseq.val.GTseq.prod.merged"
"64","Mnov_gtseq_114","z0195644_RunMS58.MS51.merged","CC/CC","CC","NN",NA,NA,23,1,0,0,"1","z0195644","RunMS58.MS51.MS45.90s.MS54.GTseq.val.GTseq.prod.merged"
"65","Mnov_gtseq_114","z0195644_RunMS58.MS51.MS45.90s.merged","CC/CC","CC","NN",NA,NA,23,1,0,0,"1","z0195644","RunMS58.MS51.MS45.90s.MS54.GTseq.val.GTseq.prod.merged"
"66","Mnov_gtseq_114","z0195644_RunMS58.MS51.MS45.90s.MS54.merged","CC/NN","NN","CC","CN","CT",229,139,5,1,"2","z0195644","RunMS58.MS51.MS45.90s.MS54.GTseq.val.GTseq.prod.merged"
"67","Mnov_gtseq_114","z0195644_RunMS58.MS51.MS45.90s.MS54.GTseq.val.merged","CC/NN","NN","CC","CN","CT",229,139,5,1,"2","z0195644","RunMS58.MS51.MS45.90s.MS54.GTseq.val.GTseq.prod.merged"
"68","Mnov_gtseq_114","z0195644_RunMS58.MS51.MS45.90s.MS54.GTseq.val.GTseq.prod.merged","CC/NN","NN","CC","CN","CT",229,144,5,1,"2","z0195644","RunMS58.MS51.MS45.90s.MS54.GTseq.val.GTseq.prod.merged"
"69","Mnov_gtseq_339","z0055962_RunMS58.MS51.MS45.90s.MS54.merged","G/G","G","C",NA,NA,59,14,0,0,"1","z0055962","RunMS58.MS51.MS45.90s.MS54.GTseq.val.GTseq.prod.merged"
"70","Mnov_gtseq_339","z0055962_RunMS58.MS51.MS45.90s.MS54.GTseq.val.merged","G/G","G","C",NA,NA,59,14,0,0,"1","z0055962","RunMS58.MS51.MS45.90s.MS54.GTseq.val.GTseq.prod.merged"
"71","Mnov_gtseq_339","z0055962_RunMS58.MS51.MS45.90s.MS54.GTseq.val.GTseq.prod.merged","C/G","G","C","N",NA,310,144,1,0,"2","z0055962","RunMS58.MS51.MS45.90s.MS54.GTseq.val.GTseq.prod.merged"
"72","Mnov_gtseq_300","z0040465_RunMS58.MS51.MS45.90s.MS54.merged","C/T","C","T",NA,NA,34,17,0,0,"2","z0040465","RunMS58.MS51.MS45.90s.MS54.GTseq.val.GTseq.prod.merged"
"73","Mnov_gtseq_300","z0040465_RunMS58.MS51.MS45.90s.MS54.GTseq.val.merged","C/T","C","T",NA,NA,34,17,0,0,"2","z0040465","RunMS58.MS51.MS45.90s.MS54.GTseq.val.GTseq.prod.merged"
"74","Mnov_gtseq_300","z0040465_RunMS58.MS51.MS45.90s.MS54.GTseq.val.GTseq.prod.merged","C/C","C","T",NA,NA,190,45,0,0,"1","z0040465","RunMS58.MS51.MS45.90s.MS54.GTseq.val.GTseq.prod.merged"
"75","Mnov_gtseq_91","z0040465_RunMS58.MS51.MS45.90s.MS54.merged","A/G","A","G",NA,NA,48,26,0,0,"2","z0040465","RunMS58.MS51.MS45.90s.MS54.GTseq.val.GTseq.prod.merged"
"76","Mnov_gtseq_91","z0040465_RunMS58.MS51.MS45.90s.MS54.GTseq.val.merged","A/G","A","G",NA,NA,48,26,0,0,"2","z0040465","RunMS58.MS51.MS45.90s.MS54.GTseq.val.GTseq.prod.merged"
"77","Mnov_gtseq_91","z0040465_RunMS58.MS51.MS45.90s.MS54.GTseq.val.GTseq.prod.merged","A/A","A","G","N",NA,113,27,1,0,"1","z0040465","RunMS58.MS51.MS45.90s.MS54.GTseq.val.GTseq.prod.merged"
"78","Mnov_gtseq_91","z0195724_RunMS58.MS51.MS45.90s.MS54.merged","A/G","A","G",NA,NA,22,13,0,0,"2","z0195724","RunMS58.MS51.MS45.90s.MS54.GTseq.val.GTseq.prod.merged"
"79","Mnov_gtseq_91","z0195724_RunMS58.MS51.MS45.90s.MS54.GTseq.val.merged","A/G","A","G",NA,NA,22,13,0,0,"2","z0195724","RunMS58.MS51.MS45.90s.MS54.GTseq.val.GTseq.prod.merged"
"80","Mnov_gtseq_91","z0195724_RunMS58.MS51.MS45.90s.MS54.GTseq.val.GTseq.prod.merged","A/A","A","G",NA,NA,77,17,0,0,"1","z0195724","RunMS58.MS51.MS45.90s.MS54.GTseq.val.GTseq.prod.merged"
"81","Mnov_gtseq_91","z0043940_RunMS58.MS51.MS45.90s.MS54.merged","A/G","A","G",NA,NA,19,14,0,0,"2","z0043940","RunMS58.MS51.MS45.90s.MS54.GTseq.val.GTseq.prod.merged"
"82","Mnov_gtseq_91","z0043940_RunMS58.MS51.MS45.90s.MS54.GTseq.val.merged","A/G","A","G",NA,NA,19,14,0,0,"2","z0043940","RunMS58.MS51.MS45.90s.MS54.GTseq.val.GTseq.prod.merged"
"83","Mnov_gtseq_91","z0043940_RunMS58.MS51.MS45.90s.MS54.GTseq.val.GTseq.prod.merged","A/A","A","G",NA,NA,77,15,0,0,"1","z0043940","RunMS58.MS51.MS45.90s.MS54.GTseq.val.GTseq.prod.merged"
"84","Mnov_gtseq_248","z0041527_RunMS58.MS51.MS45.90s.MS54.merged","A/G","A","G",NA,NA,18,8,0,0,"2","z0041527","RunMS58.MS51.MS45.90s.MS54.GTseq.val.GTseq.prod.merged"
"85","Mnov_gtseq_248","z0041527_RunMS58.MS51.MS45.90s.MS54.GTseq.val.merged","A/G","A","G",NA,NA,18,8,0,0,"2","z0041527","RunMS58.MS51.MS45.90s.MS54.GTseq.val.GTseq.prod.merged"
"86","Mnov_gtseq_248","z0041527_RunMS58.MS51.MS45.90s.MS54.GTseq.val.GTseq.prod.merged","A/A","A","G",NA,NA,97,23,0,0,"1","z0041527","RunMS58.MS51.MS45.90s.MS54.GTseq.val.GTseq.prod.merged"
