,locus,Indiv,gt,haplo.1,haplo.2,haplo.3,haplo.4,depth.1,depth.2,depth.3,depth.4,num.haps,
RunMS51.64387,Mnov_gtseq_17,z0029831.RunMS51,C/C,C,A,NA,NA,9,1,0,0,1,
RunMS58.11871,Mnov_gtseq_17,z0029831.RunMS58,A/C,A,C,T,NA,616,606,1,0,2,
,,,,,,,,,,,,,
RunMS51.64103,Mnov_gtseq_141,z0029863.RunMS51,T/T,T,G,NA,NA,9,2,0,0,1,
RunMS58.25170,Mnov_gtseq_141,z0029863.RunMS58,G/T,T,G,C,NA,246,162,1,0,2,
RunMS51.62199,Mnov_gtseq_22,z0029863.RunMS51,G/G,G,T,NA,NA,11,2,0,0,1,
RunMS58.30208,Mnov_gtseq_22,z0029863.RunMS58,G/T,G,T,NA,NA,165,92,0,0,2,
RunMS51.62195,Mnov_gtseq_352,z0029863.RunMS51,C/C,C,A,NA,NA,11,2,0,0,1,
RunMS58.40129,Mnov_gtseq_352,z0029863.RunMS58,A/C,C,A,NA,NA,42,30,0,0,2,
RunMS51.60613,Mnov_gtseq_401,z0029863.RunMS51,C/C,C,T,NA,NA,13,2,0,0,1,
RunMS58.16118,Mnov_gtseq_401,z0029863.RunMS58,C/T,C,T,G,NA,458,427,1,0,2,
RunMS51.63128,Mnov_gtseq_502,z0029863.RunMS51,A/A,A,G,NA,NA,10,1,0,0,1,
RunMS58.14767,Mnov_gtseq_502,z0029863.RunMS58,A/G,G,A,NA,NA,501,427,0,0,2,
RunMS51.63133,Mnov_gtseq_506,z0029863.RunMS51,C/C,C,T,NA,NA,10,1,0,0,1,
RunMS58.32909,Mnov_gtseq_506,z0029863.RunMS58,C/T,T,C,NA,NA,126,106,0,0,2,
,,,,,,,,,,,,,
RunMS51.68995,Mnov_gtseq_54,z0051324.RunMS51,C/G,C,G,NA,NA,6,5,0,0,2,
RunMS51.60991,Mnov_gtseq_54,z0051324b.RunMS51,C/C,C,G,NA,NA,13,1,0,0,1,
,,,,,,,,,,,,,
RunMS51.64471,Mnov_gtseq_477,z0051328.RunMS51,A/A,A,G,NA,NA,9,2,0,0,1,
RunMS58.6754,Mnov_gtseq_477,z0051328.RunMS58,A/G,A,G,NA,NA,939,858,0,0,2,
,,,,,,,,,,,,,
RunMS58.45556,Mnov_gtseq_26,z0053757.RunMS58,C/T,T,C,NA,NA,6,4,0,0,2,
RunMS58.455561,Mnov_gtseq_26,z0053757.RunMS58,C/T,T,C,NA,NA,6,4,0,0,2,
RunMS51.50437,Mnov_gtseq_26,z0053757b.RunMS51,T/T,T,NA,NA,NA,36,0,0,0,1,
RunMS51.504371,Mnov_gtseq_26,z0053757b.RunMS51,T/T,T,NA,NA,NA,36,0,0,0,1,
RunMS58.44356,Mnov_gtseq_357,z0053757.RunMS58,A/A,A,T,NA,NA,11,2,0,0,1,
RunMS58.443561,Mnov_gtseq_357,z0053757.RunMS58,A/A,A,T,NA,NA,11,2,0,0,1,
RunMS51.57869,Mnov_gtseq_357,z0053757b.RunMS51,A/T,A,T,NA,NA,18,8,0,0,2,
RunMS51.578691,Mnov_gtseq_357,z0053757b.RunMS51,A/T,A,T,NA,NA,18,8,0,0,2,
RunMS58.43773,Mnov_gtseq_41,z0053757.RunMS58,C/C,C,T,NA,NA,14,2,0,0,1,
RunMS58.437731,Mnov_gtseq_41,z0053757.RunMS58,C/C,C,T,NA,NA,14,2,0,0,1,
RunMS51.56754,Mnov_gtseq_41,z0053757b.RunMS51,C/T,C,T,NA,NA,20,19,0,0,2,
RunMS51.567541,Mnov_gtseq_41,z0053757b.RunMS51,C/T,C,T,NA,NA,20,19,0,0,2,
RunMS58.45286,Mnov_gtseq_547,z0053757.RunMS58,C/T,C,T,NA,NA,7,3,0,0,2,
RunMS58.452861,Mnov_gtseq_547,z0053757.RunMS58,C/T,C,T,NA,NA,7,3,0,0,2,
RunMS51.57272,Mnov_gtseq_547,z0053757b.RunMS51,C/C,C,T,NA,NA,19,1,0,0,1,
RunMS51.572721,Mnov_gtseq_547,z0053757b.RunMS51,C/C,C,T,NA,NA,19,1,0,0,1,
,,,,,,,,,,,,,
RunMS51.63950,Mnov_gtseq_193,z0053842.RunMS51,C/C,C,A,NA,NA,9,1,0,0,1,
RunMS58.23737,Mnov_gtseq_193,z0053842.RunMS58,A/C,A,C,G,NA,274,208,3,0,2,
RunMS51.64245,Mnov_gtseq_204,z0053845.RunMS51,A/A,A,G,NA,NA,9,1,0,0,1,
RunMS58.43501,Mnov_gtseq_204,z0053845.RunMS58,A/G,A,G,NA,NA,15,9,0,0,2,
RunMS51.68153,Mnov_gtseq_28,z0053845.RunMS51,C/T,C,T,NA,NA,6,4,0,0,2,
RunMS58.44212,Mnov_gtseq_28,z0053845.RunMS58,C/C,C,T,NA,NA,11,1,0,0,1,
RunMS51.60714,Mnov_gtseq_73,z0053845.RunMS51,G/G,G,A,NA,NA,13,2,0,0,1,
RunMS58.43507,Mnov_gtseq_73,z0053845.RunMS58,A/G,A,G,NA,NA,15,13,0,0,2,
RunMS51.66638,Mnov_gtseq_97,z0053845.RunMS51,G/T,G,T,NA,NA,7,5,0,0,2,
RunMS58.41952,Mnov_gtseq_97,z0053845.RunMS58,T/T,T,G,NA,NA,26,4,0,0,1,
,,,,,,,,,,,,,
RunMS51.51123,Mnov_gtseq_300,z0056374.RunMS51,C/C,C,T,NA,NA,34,5,0,0,1,
RunMS58.24502,Mnov_gtseq_300,z0056374.RunMS58,C/T,C,T,NA,NA,259,117,0,0,2,
,,,,,,,,,,,,,
RunMS51.63163,Mnov_gtseq_235,z0056389.RunMS51,T/T,T,C,NA,NA,10,2,0,0,1,
RunMS58.11102,Mnov_gtseq_235,z0056389.RunMS58,C/T,T,C,NA,NA,652,645,0,0,2,
RunMS51.57445,Mnov_gtseq_473,z0056389.RunMS51,T/T,T,C,NA,NA,18,1,0,0,1,
RunMS58.35816,Mnov_gtseq_473,z0056389.RunMS58,C/T,T,C,NA,NA,89,73,0,0,2,
,,,,,,,,,,,,,
RunMS51.61225,Mnov_gtseq_13,z0107078.RunMS51,T/T,T,NA,NA,NA,12,0,0,0,1,
RunMS58.11499,Mnov_gtseq_13,z0107078.RunMS58,G/G,G,A,NA,NA,633,1,0,0,1,
RunMS51.62941,Mnov_gtseq_15,z0107078.RunMS51,A/G,A,G,NA,NA,10,7,0,0,2,
RunMS58.3197,Mnov_gtseq_15,z0107078.RunMS58,G/G,G,A,NA,NA,1409,4,0,0,1,
RunMS51.59158,Mnov_gtseq_17,z0107078.RunMS51,C/C,C,NA,NA,NA,15,0,0,0,1,
RunMS58.14565,Mnov_gtseq_17,z0107078.RunMS58,A/C,A,C,T,NA,508,481,1,0,2,
RunMS51.62026,Mnov_gtseq_19,z0107078.RunMS51,C/T,T,C,NA,NA,11,7,0,0,2,
RunMS58.2774,Mnov_gtseq_19,z0107078.RunMS58,T/T,T,C,NA,NA,1507,1,0,0,1,
RunMS51.61221,Mnov_gtseq_193,z0107078.RunMS51,A/C,C,A,NA,NA,12,6,0,0,2,
RunMS58.1955,Mnov_gtseq_193,z0107078.RunMS58,A/A,A,C,G,T,1733,3,2,1,1,
RunMS51.63881,Mnov_gtseq_197,z0107078.RunMS51,A/G,G,A,NA,NA,9,7,0,0,2,
RunMS58.7720,Mnov_gtseq_197,z0107078.RunMS58,A/T,T,A,C,G,859,854,2,1,2,
RunMS51.57327,Mnov_gtseq_200,z0107078.RunMS51,A/A,A,NA,NA,NA,18,0,0,0,1,
RunMS58.5319,Mnov_gtseq_200,z0107078.RunMS58,A/G,G,A,C,T,1092,1077,25,12,2,
RunMS51.56816,Mnov_gtseq_202,z0107078.RunMS51,C/C,C,NA,NA,NA,19,0,0,0,1,
RunMS58.2316,Mnov_gtseq_202,z0107078.RunMS58,A/A,A,G,C,N,1627,6,2,1,1,
RunMS51.60488,Mnov_gtseq_204,z0107078.RunMS51,A/A,A,NA,NA,NA,13,0,0,0,1,
RunMS58.1127,Mnov_gtseq_204,z0107078.RunMS58,G/G,G,A,T,C,2114,4,2,1,1,
RunMS51.64974,Mnov_gtseq_209,z0107078.RunMS51,C/T,C,T,NA,NA,8,6,0,0,2,
RunMS58.5099,Mnov_gtseq_209,z0107078.RunMS58,T/T,T,C,A,NA,1117,5,1,0,1,
RunMS51.66179,Mnov_gtseq_210,z0107078.RunMS51,C/T,C,T,NA,NA,7,4,0,0,2,
RunMS58.7719,Mnov_gtseq_210,z0107078.RunMS58,T/T,T,C,A,NA,859,2,1,0,1,
RunMS51.60493,Mnov_gtseq_215,z0107078.RunMS51,A/A,A,G,NA,NA,13,1,0,0,1,
RunMS58.9581,Mnov_gtseq_215,z0107078.RunMS58,A/G,G,A,NA,NA,732,668,0,0,2,
RunMS51.64971,Mnov_gtseq_22,z0107078.RunMS51,G/T,G,T,NA,NA,8,4,0,0,2,
RunMS58.4317,Mnov_gtseq_22,z0107078.RunMS58,G/G,G,NA,NA,NA,1218,0,0,0,1,
RunMS51.62039,Mnov_gtseq_220,z0107078.RunMS51,A/A,A,NA,NA,NA,11,0,0,0,1,
RunMS58.4200,Mnov_gtseq_220,z0107078.RunMS58,G/G,G,A,N,T,1236,9,2,2,1,
RunMS51.62947,Mnov_gtseq_223,z0107078.RunMS51,T/T,T,C,NA,NA,10,2,0,0,1,
RunMS58.12353,Mnov_gtseq_223,z0107078.RunMS58,C/C,C,NA,NA,NA,594,0,0,0,1,
RunMS51.58516,Mnov_gtseq_227,z0107078.RunMS51,C/C,C,T,NA,NA,16,2,0,0,1,
RunMS58.1449,Mnov_gtseq_227,z0107078.RunMS58,T/T,T,C,N,G,1938,10,4,1,1,
RunMS51.59155,Mnov_gtseq_232,z0107078.RunMS51,T/T,T,NA,NA,NA,15,0,0,0,1,
RunMS58.2897,Mnov_gtseq_232,z0107078.RunMS58,G/G,G,T,NA,NA,1477,2,0,0,1,
RunMS51.57951,Mnov_gtseq_241,z0107078.RunMS51,C/C,C,T,NA,NA,17,2,0,0,1,
RunMS58.4856,Mnov_gtseq_241,z0107078.RunMS58,C/T,T,C,NA,NA,1146,1036,0,0,2,
RunMS51.61226,Mnov_gtseq_25,z0107078.RunMS51,T/T,T,NA,NA,NA,12,0,0,0,1,
RunMS58.6812,Mnov_gtseq_25,z0107078.RunMS58,C/T,C,T,NA,NA,933,834,0,0,2,
RunMS51.67602,Mnov_gtseq_255,z0107078.RunMS51,A/G,A,G,NA,NA,6,5,0,0,2,
RunMS58.3331,Mnov_gtseq_255,z0107078.RunMS58,A/A,A,G,C,NA,1384,3,1,0,1,
RunMS51.59161,Mnov_gtseq_265,z0107078.RunMS51,G/G,G,NA,NA,NA,15,0,0,0,1,
RunMS58.14591,Mnov_gtseq_265,z0107078.RunMS58,A/G,G,A,NA,NA,507,457,0,0,2,
RunMS51.67604,Mnov_gtseq_269,z0107078.RunMS51,C/T,C,T,NA,NA,6,6,0,0,2,
RunMS58.3065,Mnov_gtseq_269,z0107078.RunMS58,C/C,C,T,NA,NA,1439,4,0,0,1,
RunMS51.57325,Mnov_gtseq_277,z0107078.RunMS51,A/A,A,G,NA,NA,18,3,0,0,1,
RunMS58.4284,Mnov_gtseq_277,z0107078.RunMS58,A/G,A,G,NA,NA,1223,1059,0,0,2,
RunMS51.56337,Mnov_gtseq_28,z0107078.RunMS51,C/C,C,NA,NA,NA,20,0,0,0,1,
RunMS58.7396,Mnov_gtseq_28,z0107078.RunMS58,C/T,T,C,NA,NA,885,836,0,0,2,
RunMS51.66191,Mnov_gtseq_284,z0107078.RunMS51,C/G,G,C,NA,NA,7,7,0,0,2,
RunMS58.1497,Mnov_gtseq_284,z0107078.RunMS58,G/G,G,C,A,NA,1915,10,1,0,1,
RunMS51.62028,Mnov_gtseq_308,z0107078.RunMS51,C/C,C,T,NA,NA,11,1,0,0,1,
RunMS58.3709,Mnov_gtseq_308,z0107078.RunMS58,T/T,T,C,G,NA,1315,4,1,0,1,
RunMS51.66188,Mnov_gtseq_312,z0107078.RunMS51,C/T,T,C,NA,NA,7,6,0,0,2,
RunMS58.4509,Mnov_gtseq_312,z0107078.RunMS58,C/C,C,T,NA,NA,1194,1,0,0,1,
RunMS51.55816,Mnov_gtseq_314,z0107078.RunMS51,C/C,C,T,NA,NA,21,1,0,0,1,
RunMS58.7138,Mnov_gtseq_314,z0107078.RunMS58,C/T,T,C,G,NA,906,888,1,0,2,
RunMS51.62924,Mnov_gtseq_328,z0107078.RunMS51,C/C,C,NA,NA,NA,10,0,0,0,1,
RunMS58.4998,Mnov_gtseq_328,z0107078.RunMS58,A/A,A,G,NA,NA,1129,2,0,0,1,
RunMS51.59793,Mnov_gtseq_33,z0107078.RunMS51,G/T,G,T,NA,NA,14,6,0,0,2,
RunMS58.537,Mnov_gtseq_33,z0107078.RunMS58,G/G,G,T,A,NA,2604,1,1,0,1,
RunMS51.60486,Mnov_gtseq_334,z0107078.RunMS51,A/C,A,C,NA,NA,13,10,0,0,2,
RunMS58.979,Mnov_gtseq_334,z0107078.RunMS58,C/C,C,A,NA,NA,2212,3,0,0,1,
RunMS51.66190,Mnov_gtseq_335,z0107078.RunMS51,A/C,C,A,NA,NA,7,4,0,0,2,
RunMS58.5740,Mnov_gtseq_335,z0107078.RunMS58,C/C,C,A,T,NA,1041,2,2,0,1,
RunMS51.62943,Mnov_gtseq_341,z0107078.RunMS51,T/T,T,NA,NA,NA,10,0,0,0,1,
RunMS58.9580,Mnov_gtseq_341,z0107078.RunMS58,C/T,C,T,N,NA,732,710,2,0,2,
RunMS51.62944,Mnov_gtseq_378,z0107078.RunMS51,C/T,C,T,NA,NA,10,6,0,0,2,
RunMS58.4350,Mnov_gtseq_378,z0107078.RunMS58,T/T,T,C,NA,NA,1214,2,0,0,1,
RunMS51.63875,Mnov_gtseq_379,z0107078.RunMS51,C/T,T,C,NA,NA,9,4,0,0,2,
RunMS58.4028,Mnov_gtseq_379,z0107078.RunMS58,T/T,T,C,NA,NA,1263,2,0,0,1,
RunMS51.64959,Mnov_gtseq_394,z0107078.RunMS51,C/T,T,C,NA,NA,8,5,0,0,2,
RunMS58.1034,Mnov_gtseq_394,z0107078.RunMS58,T/T,T,NA,NA,NA,2180,0,0,0,1,
RunMS51.64963,Mnov_gtseq_398,z0107078.RunMS51,C/T,C,T,NA,NA,8,6,0,0,2,
RunMS58.6118,Mnov_gtseq_398,z0107078.RunMS58,T/T,T,C,NA,NA,997,2,0,0,1,
RunMS51.52599,Mnov_gtseq_401,z0107078.RunMS51,C/C,C,NA,NA,NA,29,0,0,0,1,
RunMS58.5468,Mnov_gtseq_401,z0107078.RunMS58,C/T,T,C,G,NA,1073,1060,1,0,2,
RunMS51.66184,Mnov_gtseq_406,z0107078.RunMS51,G/T,G,T,NA,NA,7,3,0,0,2,
RunMS58.13266,Mnov_gtseq_406,z0107078.RunMS58,G/G,G,T,NA,NA,556,2,0,0,1,
RunMS51.62925,Mnov_gtseq_41,z0107078.RunMS51,C/T,T,C,NA,NA,10,6,0,0,2,
RunMS58.242,Mnov_gtseq_41,z0107078.RunMS58,C/C,C,T,A,NA,3142,9,2,0,1,
RunMS51.62036,Mnov_gtseq_426,z0107078.RunMS51,G/G,G,NA,NA,NA,11,0,0,0,1,
RunMS58.15512,Mnov_gtseq_426,z0107078.RunMS58,A/G,A,G,NA,NA,477,444,0,0,2,
RunMS51.66189,Mnov_gtseq_434,z0107078.RunMS51,C/T,C,T,NA,NA,7,5,0,0,2,
RunMS58.673,Mnov_gtseq_434,z0107078.RunMS58,C/C,C,A,T,NA,2441,5,4,0,1,
RunMS51.63872,Mnov_gtseq_445,z0107078.RunMS51,C/C,C,G,NA,NA,9,1,0,0,1,
RunMS58.5973,Mnov_gtseq_445,z0107078.RunMS58,C/G,G,C,X,A,1014,1003,1,1,2,
RunMS51.62939,Mnov_gtseq_452,z0107078.RunMS51,G/G,G,NA,NA,NA,10,0,0,0,1,
RunMS58.18452,Mnov_gtseq_452,z0107078.RunMS58,G/T,G,T,C,NA,392,379,4,0,2,
RunMS51.53381,Mnov_gtseq_46,z0107078.RunMS51,T/T,T,C,NA,NA,27,1,0,0,1,
RunMS58.1390,Mnov_gtseq_46,z0107078.RunMS58,C/C,C,T,G,A,1962,1,1,1,1,
RunMS51.61229,Mnov_gtseq_470,z0107078.RunMS51,G/G,G,NA,NA,NA,12,0,0,0,1,
RunMS58.9532,Mnov_gtseq_470,z0107078.RunMS58,A/G,A,G,NA,NA,735,644,0,0,2,
RunMS51.69286,Mnov_gtseq_472,z0107078.RunMS51,C/T,T,C,NA,NA,5,5,0,0,2,
RunMS58.7718,Mnov_gtseq_472,z0107078.RunMS58,T/T,T,C,NA,NA,859,4,0,0,1,
RunMS51.62032,Mnov_gtseq_475,z0107078.RunMS51,A/A,A,NA,NA,NA,11,0,0,0,1,
RunMS58.17918,Mnov_gtseq_475,z0107078.RunMS58,A/G,A,G,NA,NA,406,347,0,0,2,
RunMS51.66172,Mnov_gtseq_477,z0107078.RunMS51,A/G,G,A,NA,NA,7,6,0,0,2,
RunMS58.986,Mnov_gtseq_477,z0107078.RunMS58,A/A,A,G,N,NA,2210,4,1,0,1,
RunMS51.54937,Mnov_gtseq_478,z0107078.RunMS51,C/C,C,T,NA,NA,23,1,0,0,1,
RunMS58.2565,Mnov_gtseq_478,z0107078.RunMS58,T/T,T,C,NA,NA,1564,3,0,0,1,
RunMS51.62940,Mnov_gtseq_479,z0107078.RunMS51,C/T,T,C,NA,NA,10,8,0,0,2,
RunMS58.3263,Mnov_gtseq_479,z0107078.RunMS58,C/C,C,T,G,NA,1395,2,1,0,1,
RunMS51.63882,Mnov_gtseq_513,z0107078.RunMS51,A/G,A,G,NA,NA,9,7,0,0,2,
RunMS58.1678,Mnov_gtseq_513,z0107078.RunMS58,A/A,A,G,T,N,1843,7,2,1,1,
RunMS51.62930,Mnov_gtseq_522,z0107078.RunMS51,C/T,T,C,NA,NA,10,5,0,0,2,
RunMS58.1853,Mnov_gtseq_522,z0107078.RunMS58,T/T,T,C,NA,NA,1772,3,0,0,1,
RunMS51.59163,Mnov_gtseq_54,z0107078.RunMS51,C/C,C,NA,NA,NA,15,0,0,0,1,
RunMS58.1954,Mnov_gtseq_54,z0107078.RunMS58,G/G,G,N,C,A,1733,14,3,3,1,
RunMS51.57950,Mnov_gtseq_547,z0107078.RunMS51,T/T,T,C,NA,NA,17,1,0,0,1,
RunMS58.9697,Mnov_gtseq_547,z0107078.RunMS58,C/T,T,C,NA,NA,725,716,0,0,2,
RunMS51.67599,Mnov_gtseq_548,z0107078.RunMS51,A/G,A,G,NA,NA,6,5,0,0,2,
RunMS58.9398,Mnov_gtseq_548,z0107078.RunMS58,G/G,G,A,NA,NA,744,2,0,0,1,
RunMS51.62935,Mnov_gtseq_56,z0107078.RunMS51,C/T,T,C,NA,NA,10,7,0,0,2,
RunMS58.1364,Mnov_gtseq_56,z0107078.RunMS58,C/C,C,X,G,NA,1977,5,1,0,1,
RunMS51.61220,Mnov_gtseq_60,z0107078.RunMS51,G/G,G,NA,NA,NA,12,0,0,0,1,
RunMS58.6363,Mnov_gtseq_60,z0107078.RunMS58,A/A,A,G,N,NA,973,1,1,0,1,
RunMS51.56338,Mnov_gtseq_61,z0107078.RunMS51,C/C,C,NA,NA,NA,20,0,0,0,1,
RunMS58.1457,Mnov_gtseq_61,z0107078.RunMS58,A/A,A,C,G,NA,1933,5,4,0,1,
RunMS51.59787,Mnov_gtseq_64,z0107078.RunMS51,G/G,G,NA,NA,NA,14,0,0,0,1,
RunMS58.3431,Mnov_gtseq_64,z0107078.RunMS58,A/G,G,A,X,NA,1366,1271,2,0,2,
RunMS51.62937,Mnov_gtseq_68,z0107078.RunMS51,C/G,G,C,NA,NA,10,6,0,0,2,
RunMS58.10146,Mnov_gtseq_68,z0107078.RunMS58,C/C,C,G,NA,NA,700,2,0,0,1,
RunMS51.59790,Mnov_gtseq_69,z0107078.RunMS51,C/C,C,NA,NA,NA,14,0,0,0,1,
RunMS58.6266,Mnov_gtseq_69,z0107078.RunMS58,C/T,C,T,NA,NA,984,965,0,0,2,
RunMS51.59164,Mnov_gtseq_71,z0107078.RunMS51,G/G,G,A,NA,NA,15,1,0,0,1,
RunMS58.13037,Mnov_gtseq_71,z0107078.RunMS58,A/G,G,A,T,NA,565,564,1,0,2,
RunMS51.60494,Mnov_gtseq_73,z0107078.RunMS51,A/G,G,A,NA,NA,13,11,0,0,2,
RunMS58.407,Mnov_gtseq_73,z0107078.RunMS58,A/A,A,G,T,NA,2776,11,1,0,1,
RunMS51.63870,Mnov_gtseq_75,z0107078.RunMS51,C/C,C,G,NA,NA,9,1,0,0,1,
RunMS58.4459,Mnov_gtseq_75,z0107078.RunMS58,G/G,G,C,N,NA,1199,3,1,0,1,
RunMS51.62029,Mnov_gtseq_80,z0107078.RunMS51,T/T,T,NA,NA,NA,11,0,0,0,1,
RunMS58.13288,Mnov_gtseq_80,z0107078.RunMS58,C/C,C,T,NA,NA,555,1,0,0,1,
RunMS51.59792,Mnov_gtseq_83,z0107078.RunMS51,C/C,C,T,NA,NA,14,1,0,0,1,
RunMS58.1327,Mnov_gtseq_83,z0107078.RunMS58,T/T,T,C,G,NA,1998,6,1,0,1,
RunMS51.58517,Mnov_gtseq_86,z0107078.RunMS51,A/G,A,G,NA,NA,16,7,0,0,2,
RunMS58.4406,Mnov_gtseq_86,z0107078.RunMS58,A/A,A,G,NA,NA,1206,5,0,0,1,
RunMS51.60492,Mnov_gtseq_90,z0107078.RunMS51,A/G,G,A,NA,NA,13,7,0,0,2,
RunMS58.362,Mnov_gtseq_90,z0107078.RunMS58,G/G,G,A,NA,NA,2869,2,0,0,1,
RunMS51.56340,Mnov_gtseq_92,z0107078.RunMS51,A/A,A,NA,NA,NA,20,0,0,0,1,
RunMS58.3558,Mnov_gtseq_92,z0107078.RunMS58,A/T,A,T,G,C,1344,1315,2,1,2,
RunMS51.66182,Mnov_gtseq_93,z0107078.RunMS51,G/T,G,T,NA,NA,7,7,0,0,2,
RunMS58.5508,Mnov_gtseq_93,z0107078.RunMS58,G/G,G,T,A,NA,1068,2,1,0,1,
RunMS51.64966,Mnov_gtseq_94,z0107078.RunMS51,A/G,A,G,NA,NA,8,5,0,0,2,
RunMS58.358,Mnov_gtseq_94,z0107078.RunMS58,G/G,G,A,N,NA,2875,5,1,0,1,
RunMS51.51496,Mnov_gtseq_97,z0107078.RunMS51,G/G,G,NA,NA,NA,32,0,0,0,1,
RunMS58.2389,Mnov_gtseq_97,z0107078.RunMS58,G/T,T,G,C,NA,1608,1555,4,0,2,
RunMS51.57324,Mnov_gtseq_98,z0107078.RunMS51,A/A,A,NA,NA,NA,18,0,0,0,1,
RunMS58.706,Mnov_gtseq_98,z0107078.RunMS58,G/G,G,A,T,NA,2424,3,1,0,1,
,,,,,,,,,,,,,
RunMS51.25537,Mnov_gtseq_248,z0175927.RunMS51,A/A,A,G,C,NA,173,22,1,0,1,0.12716763
RunMS58.4395,Mnov_gtseq_248,z0175927.RunMS58,A/G,A,G,C,T,1208,712,1,1,2,0.589403974
RunMS51.10566,Mnov_gtseq_300,z0175927.RunMS51,C/C,C,T,NA,NA,410,61,0,0,1,0.148780488
RunMS58.1167,Mnov_gtseq_300,z0175927.RunMS58,C/T,C,T,A,NA,2091,1360,2,0,2,0.650406504
RunMS51.51939,Mnov_gtseq_473,z0175927.RunMS51,T/T,T,C,NA,NA,31,7,0,0,1,0.225806452
RunMS58.22577,Mnov_gtseq_473,z0175927.RunMS58,C/T,C,T,NA,NA,296,295,0,0,2,0.996621622
RunMS51.13303,Mnov_gtseq_88,z0175927.RunMS51,C/C,C,G,A,NA,341,37,1,0,1,0.108504399
RunMS58.2585,Mnov_gtseq_88,z0175927.RunMS58,C/G,C,G,A,X,1559,846,5,1,2,0.542655548
,,,,,,,,,,,,,
RunMS51.64171,Mnov_gtseq_287,z0187811.RunMS51,C/C,C,T,NA,NA,9,2,0,0,1,
RunMS58.10794,Mnov_gtseq_287,z0187811.RunMS58,C/T,C,T,NA,NA,667,661,0,0,2,
,,,,,,,,,,,,,
RunMS51.61800,Mnov_gtseq_222,z0187859.RunMS51,C/C,C,NA,NA,NA,12,0,0,0,1,
RunMS58.22678,Mnov_gtseq_222,z0187859.RunMS58,C/T,C,T,NA,NA,294,177,0,0,2,
RunMS51.64657,Mnov_gtseq_315,z0187859.RunMS51,C/C,C,T,NA,NA,9,2,0,0,1,
RunMS58.28648,Mnov_gtseq_315,z0187859.RunMS58,C/T,T,C,NA,NA,188,166,0,0,2,
,,,,,,,,,,,,,
RunMS51.61312,Mnov_gtseq_157,z0195258.RunMS51,C/C,C,T,NA,NA,12,2,0,0,1,
RunMS58.31225,Mnov_gtseq_157,z0195258.RunMS58,C/T,T,C,NA,NA,151,130,0,0,2,
,,,,,,,,,,,,,
RunMS51.61838,Mnov_gtseq_140,z0195643.RunMS51,T/T,T,C,NA,NA,12,2,0,0,1,
RunMS58.27700,Mnov_gtseq_140,z0195643.RunMS58,C/T,C,T,NA,NA,203,185,0,0,2,
RunMS51.64699,Mnov_gtseq_61,z0195643.RunMS51,C/C,C,A,NA,NA,9,2,0,0,1,
RunMS58.18607,Mnov_gtseq_61,z0195643.RunMS58,A/C,A,C,G,T,388,354,3,1,2,
,,,,,,,,,,,,,
RunMS51.64927,Mnov_gtseq_202,z0195657.RunMS51,C/C,C,A,NA,NA,9,2,0,0,1,
RunMS58.37650,Mnov_gtseq_202,z0195657.RunMS58,A/C,C,A,NA,NA,69,65,0,0,2,
,,,,,,,,,,,,,
RunMS51.64295,Mnov_gtseq_126,z0195659.RunMS51,C/C,C,T,NA,NA,9,2,0,0,1,
RunMS58.39829,Mnov_gtseq_126,z0195659.RunMS58,C/T,T,C,NA,NA,45,41,0,0,2,
RunMS51.64294,Mnov_gtseq_300,z0195659.RunMS51,C/C,C,T,NA,NA,9,1,0,0,1,
RunMS58.33224,Mnov_gtseq_300,z0195659.RunMS58,C/T,C,T,NA,NA,122,71,0,0,2,
,,,,,,,,,,,,,
RunMS51.64535,Mnov_gtseq_53,z0195668.RunMS51,G/G,G,T,NA,NA,9,2,0,0,1,
RunMS58.23505,Mnov_gtseq_53,z0195668.RunMS58,G/T,T,G,NA,NA,278,276,0,0,2,
,,,,,,,,,,,,,
RunMS51.64718,Mnov_gtseq_195,z0195673.RunMS51,C/C,C,G,NA,NA,9,1,0,0,1,
RunMS58.15236,Mnov_gtseq_195,z0195673.RunMS58,C/G,G,C,NA,NA,487,472,0,0,2,
RunMS51.61075,Mnov_gtseq_241,z0195673.RunMS51,T/T,T,C,NA,NA,13,3,0,0,1,
RunMS58.12983,Mnov_gtseq_241,z0195673.RunMS58,C/T,C,T,NA,NA,567,560,0,0,2,
,,,,,,,,,,,,,
RunMS51.64207,Mnov_gtseq_66,z0195689.RunMS51,T/T,T,C,NA,NA,9,1,0,0,1,
RunMS58.34242,Mnov_gtseq_66,z0195689.RunMS58,C/T,T,C,NA,NA,109,106,0,0,2,
,,,,,,,,,,,,,
RunMS51.53231,Mnov_gtseq_168,z0195713.RunMS51,G/T,G,T,NA,NA,28,21,0,0,2,
RunMS51.60871,Mnov_gtseq_168,z0195713b.RunMS51,G/G,G,T,NA,NA,13,1,0,0,1,
,,,,,,,,,,,,,
RunMS51.61104,Mnov_gtseq_33,z0195736.RunMS51,T/T,T,G,NA,NA,13,3,0,0,1,
RunMS58.19861,Mnov_gtseq_33,z0195736.RunMS58,G/T,T,G,C,X,357,320,1,1,2,
,,,,,,,,,,,,,
RunMS51.62592,Mnov_gtseq_43,z0195771.RunMS51,C/C,C,T,NA,NA,11,2,0,0,1,
RunMS58.19442,Mnov_gtseq_43,z0195771.RunMS58,C/T,C,T,NA,NA,367,359,0,0,2,
,,,,,,,,,,,,,
RunMS51.62011,Mnov_gtseq_187,z0195772.RunMS51,C/C,C,T,NA,NA,12,2,0,0,1,
RunMS58.21418,Mnov_gtseq_187,z0195772.RunMS58,C/T,T,C,NA,NA,321,292,0,0,2,
,,,,,,,,,,,,,
RunMS51.64413,Mnov_gtseq_277,z0195776.RunMS51,G/G,G,A,NA,NA,9,2,0,0,1,
RunMS58.19606,Mnov_gtseq_277,z0195776.RunMS58,A/G,G,A,NA,NA,363,351,0,0,2,
,,,,,,,,,,,,,
RunMS51.64432,Mnov_gtseq_517,z0196755.RunMS51,C/C,C,G,NA,NA,9,2,0,0,1,
RunMS51.52173,Mnov_gtseq_517,z0196755b.RunMS51,C/G,C,G,NA,NA,31,23,0,0,2,
,,,,,,,,,,,,,
RunMS51.57542,Mnov_gtseq_421,z0196762.RunMS51,T/T,T,C,NA,NA,18,4,0,0,1,
RunMS51.60528,Mnov_gtseq_421,z0196762b.RunMS51,C/T,T,C,NA,NA,13,9,0,0,2,
,,,,,,,,,,,,,
RunMS51.64067,Mnov_gtseq_243,z0196811.RunMS51,T/T,T,C,NA,NA,9,2,0,0,1,
RunMS58.13255,Mnov_gtseq_243,z0196811.RunMS58,C/T,C,T,A,NA,557,539,2,0,2,
RunMS51.62171,Mnov_gtseq_300,z0196811.RunMS51,C/C,C,T,NA,NA,11,1,0,0,1,
RunMS58.11722,Mnov_gtseq_300,z0196811.RunMS58,C/T,C,T,NA,NA,623,357,0,0,2,
,,,,,,,,,,,,,
RunMS51.64668,Mnov_gtseq_397,z0196838.RunMS51,G/G,G,T,NA,NA,9,2,0,0,1,
RunMS58.17901,Mnov_gtseq_397,z0196838.RunMS58,G/T,G,T,A,NA,407,363,1,0,2,
,,,,,,,,,,,,,
RunMS51.63927,Mnov_gtseq_285,z0196847.RunMS51,G/G,G,A,NA,NA,9,1,0,0,1,
RunMS58.8360,Mnov_gtseq_285,z0196847.RunMS58,A/G,G,A,NA,NA,812,768,0,0,2,
,,,,,,,,,,,,,
RunMS51.66414,Mnov_gtseq_263,z0196891.RunMS51,A/G,A,G,NA,NA,7,3,0,0,2,
RunMS58.5880,Mnov_gtseq_263,z0196891.RunMS58,A/A,A,G,NA,NA,1025,124,0,0,1,
,,,,,,,,,,,,,
RunMS51.64591,Mnov_gtseq_257,z0197658.RunMS51,C/C,C,T,NA,NA,9,2,0,0,1,
RunMS51.27921,Mnov_gtseq_257,z0197658b.RunMS51,C/T,C,T,NA,NA,153,137,0,0,2,